bigJobImg,holland1,holland2,holland3,jobCat,jobDesc,jobName,jobWorks,subject1,subject2
https://static.104.com.tw/gtnew/img/character/bigRole/2002001003.png,C,E,R,2002001003,于公民营事业机构中，依照各企业的办公流程，从事一般行政职务。,行政人员,"负责一般文书资料处理工作。
维护、更新、管理各类文件档案（如：合约、会议记录、书目资料、活动文件）和数据库系统。
完成工作时程表，管理行事历，并负责会议协调与安排。
准备会议议程，参与会议并撰写会议记录。
负责费用预估、控管及报表制作。
负责收发公文并处理会签文件。
判断、分类并分送邮件，回复邮件，并整理待寄送的邮件。
负责简单零用金管理，并负责前往银行进行提存交易。
负责文具用品之预估及请领。
协助办理员工福利事项。",chinese,english
https://static.104.com.tw/gtnew/img/character/bigRole/2002001004.png,C,E,R,2002001004,支援公司其他部门需求及提供相关业务之服务，并管理及维护公司资源作业，以使同仁有满意之行政服务。,总务人员,"清洁维护办公室、宿舍及会议室等，以使同仁有舒适的办公环境。
采购及维护事务机器及家电用品，以有效管理各部门之采购需求。
落实公务器材及公务车之使用管理规则，以满足同仁使用之需要。
采购并维护办公事物及庶物用品，以有效管理各部门之采购需求。
采购并维护印刷用品及书报杂志，以有效管理各部门之采购需求。
执行办公室之租赁与买卖事务之办理，以提供符合各部门在使用空间上的需求。",housekeeping,scout
https://static.104.com.tw/gtnew/img/character/bigRole/2002001012.png,C,S,E,2002001012,于公民营事业机构，协助各部门主管或专业人员处理一般行政业务。,行政助理,"负责一般文书资料处理及归档工作。
办理核销事宜。
协助处理庶务性行政工作（如：事务机器叫修维护、文具用品采买）。
收发公文并处理会签文件。
负责简单零用金管理。
协助会议安排。
负责外出送件、物件寄送及简易银行业务处理。
负责接待访客、准备会议室及茶水。
协助订购餐点。
负责办公室环境与设备之清洁与维护。
支援其他部门业务（如：采购、业务、人事）。",chinese,english
https://static.104.com.tw/gtnew/img/character/bigRole/2004002005.png,A,E,I,2004002005,研究、设计、开发到维护，从头发想好玩的游戏！,游戏企划人员,"撰写游戏内容(游戏剧情、任务事件、人物技能)。
企划案撰写与执行。
产品开发的环节协调与细节掌握。
市场与产品趋势调查。
网站制作维护。",scout,information
https://static.104.com.tw/gtnew/img/character/bigRole/2004003002.png,E,I,R,2004003002,从事营运管理的规划、管理系统的整合及ERP企业资源的规划等专案之设计、协调、导入等工作，以确保营管系统顺畅地运行。,营运管理师／系统整合／ERP专案师,"负责新事业发展之系统规划。
进行设备投资分析、资源分析，以及资源整合规划。
负责部门协调、流程再造、流程管控以及内部稽核。
负责业绩统计与分析。
负责品质及流程改善计划。
拟定客户端正确的系统操作规范。
提供使用者专案所需的支援作业。
负责机房管理、流量控管、网络架设与设定。
管理公司顾客名单。",scout,math
https://static.104.com.tw/gtnew/img/character/bigRole/2005003008.png,E,S,R,2005003008,我会把药卖出去，推广客户需要的医疗产品！,医药业务代表,"拜访固定或非固定地区医院、诊所、药局客户，以开发或维护客户关系。
销售及推广公司产品，例如医疗研究用仪器或医药耗材等。
教育及示范产品使用方式。
协助客户使用产品。
提供新客户相关之行销或经营辅导。
宣导与执行公司的理念予店家。",social,biology
https://static.104.com.tw/gtnew/img/character/bigRole/2005003010.png,E,S,R,2005003010,熟悉车子性能，给予顾客最佳购车服务！,汽车销售人员,"销售各车型。
处理车辆贷款相关事项。
处理租赁相关事项。
处理保险相关事项。
处理验车相关事项。
提供售后服务。
参与行销活动。
寄发型录、邀请函给客户。",social,scout
https://static.104.com.tw/gtnew/img/character/bigRole/2006001007.png,R,S,A,2006001007,每一杯客人的调酒，都是我的精心杰作。,调酒师／吧台人员,"进行花式调酒及其他饮料之调制。
负责料理薯条、花式拼盘或焗烤等简易餐点或轻食。
负责结账与收银，并整理现金收据。
负责清洗酒杯、餐具、吧台设备以及周遭工作环境。
定期盘点剩下的饮料与食材。
维护店内的秩序，避免客人喝酒闹事。
负责查验酒类消费者的年龄是否符合法令规定。",housekeeping,art
https://static.104.com.tw/gtnew/img/character/bigRole/2006002006.png,S,C,E,2006002006,带领旅客出国，并注意旅游中的各种细节！,领队,"协助旅客办理各项登机作业。
协助旅客在飞机上的座位安排及必要时的协调工作。
协助旅客在飞机上之服务作业。
协助旅客到达目的国之出关作业。
协调安排各项旅途中所需之交通安排等事宜。
安排旅客在出国旅游途中之膳宿。
安排当地导游提供名胜处所，并作旅程景点的各项介绍说明。
规划或协助旅客安排额外观光活动。
规划或协助旅客安排个人观光活动。
处理运送、通讯及翻译等事务。",scout,social
https://static.104.com.tw/gtnew/img/character/bigRole/2006002007.png,S,C,E,2006002007,接待旅客观光旅游，介绍各景点的服务！,导游,"代表所在处所欢迎参观者。
引导或介绍参观者各种风光、名胜、古迹，并予以说明其典故、由来或历史渊源。
安排游程及导游翻译说明。
保障参观者安全与必要之服务。
安排入场卷。",scout,social
https://static.104.com.tw/gtnew/img/character/bigRole/2006002008.png,E,C,S,2006002008,无论行程安排或订票，旅游规划找我就对了！,OP／旅行社人员,"收集及咨询客户有关行程、交通工具、旅馆住宿及花费成本等资料，安排旅游、预订旅馆并接受付款。
必要时亦协助推销或筹组旅行团，包括团体或个人。
协助顾客取得必要证件及旅游文件。
安排个人旅游或旅行团所需之领队或导游人选",social,chinese
https://static.104.com.tw/gtnew/img/character/bigRole/2006003006.png,A,R,C,2006003006,在宠物专卖店、宠物医院或其他营业场所，提供宠物美容的工作。,宠物美容专业人员,"清洁与修整宠物的身体。
根据宠物主人的需要，维持宠物的现状或提供新的造形。
提供宠物寄放的服务。",housekeeping,biology
https://static.104.com.tw/gtnew/img/character/bigRole/2007001003.png,I,R,C,2007001003,发展、创造及修改一般电脑应用软件或专业化实用程式。分析客户需求与开发软件解决方案，并为客户设计或订制运作效能最佳的软件。,通讯软件工程师,"与系统分析师、工程师、程序员等商讨，设计系统，并获得关于专案的限制、容量、性能需求和界面等的讯息。
修正现有软件的错误，使其适应新硬件或改进其性能。
分析客户需要和软件需求，考量时间及成本的限制条件，以评估计划的可行性。
与客户商讨软件系统的设计和维修。
确保软件系统的安装能与监视器功能配合，以符合设计规格。
设计、开发及修改软件系统，并使用科学分析和数学模型来预测及测量设计的成果。
负责软件系统之开发与程式设计，并进行系统测试。
研发有线或无线网络通讯产品的软件或固件。
设计高频通讯，并进行测试验证。
开发通讯协定软件。
分析资讯以确认电脑的规格、配置和周边设备，并提出适当的调整建议。",information,math
https://static.104.com.tw/gtnew/img/character/bigRole/2007001004.png,I,R,C,2007001004,写程式开发软件应用程序，并且维护正常运作。,软件设计工程师,"负责软件之分析、设计以及程式撰写。
规划执行软件架构及模组之设计，并控管软件设计进度。
进行软件之测试与修改。
规划、执行与维护量产的产品。
协助研发软件新技术与新工具。
管控软件开发成本。",information,math
https://static.104.com.tw/gtnew/img/character/bigRole/2007001005.png,I,R,C,2007001005,规划及执行产品控制单元之设计、产品固件之撰写与量产产品固件之维护，并进行产品固件之测试，控管固件设计之进度、品质与成本。,固件设计工程师,"规划及执行产品控制单元设计。
规划执行产品固件之撰写，并维护量产产品。
执行、协助或配合固件新技术之研发、导入。
执行产品固件测试。
控制固件开发进度、品质与成本。",information,math
https://static.104.com.tw/gtnew/img/character/bigRole/2007001006.png,I,R,C,2007001006,运用对网络系统的专业，打造稳定安全的网站。,Internet程序员,"模拟、修正现有网络系统程式。
设计、开发新的网络程式及界面。
负责整体网络架构之维护管理与监控、流量控制、安全规划及问题协调追踪与排除。
进行网络程式的需求分析。
开发以网络为基础的应用程序（Web-based application）。",information,math
https://static.104.com.tw/gtnew/img/character/bigRole/2007001007.png,I,R,C,2007001007,分析和拆解软件架构，程式开发团队的总指挥！,系统分析师,"负责电脑资讯之传输，以及电脑软件、数据库、资料结构之维修与研发。
设计、撰写、维修及更新软件，以控制硬件与电脑应用软件之连接。
维护数据库管理系统，确保资料的安全性。
分析电脑使用者需要，以发展硬件和软件架构。
了解各使用需求单位对资讯服务的需求，并建议最佳作业方式。
规划并撰写系统需求、规格书及计划书。
协助导入资讯系统（如：ERP、财会系统），并提供内部员工系统操作的教育训练。
编写硬件及软件结构操作与维修方法之说明手册。
测试应用系统与电子平台上的连结。
扩增或修改既有的电子系统，以利工程运作。",information,math
https://static.104.com.tw/gtnew/img/character/bigRole/2007001008.png,I,R,C,2007001008,打造电玩世界，将企划书变成真正的游戏！,电玩程序员,"实做服务器运作架构，使服务器应用程序具备接受用户端程式连线的能力，并且处理两端的封包送收。
载入服务器的游戏资料内容，使游戏世界能正确运作。
管理玩家账号、密码，维护网络安全。
订定所有玩家连线行为的协定，并与玩家互相配合，完成程式实做。
设计使用者界面，让玩家能执行各种功能和阅读游戏世界中的资料。",information,math
https://static.104.com.tw/gtnew/img/character/bigRole/2007001009.png,I,R,C,2007001009,从事各方面的资讯专业工作。,其他资讯专业人员,"设计电脑应用软件及电脑操作系统。
维修与更新电脑应用软件及电脑操作系统。
安装电脑及执行电脑硬件诊断。
提供资讯相关的咨询与专业建议。",information,math
https://static.104.com.tw/gtnew/img/character/bigRole/2007001010.png,R,I,C,2007001010,在系统分析工程师的指导下，从事系统软件开发、资料管理及维护等资讯相关工作。,资讯助理人员,"负责新系统之开发与设计，及现有系统之修改与扩充。
依系统分析之结果编写程式、撰写操作手册及作业档案，并进行系统测试。
分配与设计记忆储存空间，并维护数据库和系统安全。
负责制订各种作业之标准程序，并评估系统作业绩效。
收集电脑作业所需输入之资料，并分送输出资讯给相关单位，同时进行使用者操作训练。
负责电脑设备维护、机房作业管理、电脑使用者管理等工作。",information,
https://static.104.com.tw/gtnew/img/character/bigRole/2007001012.png,I,R,C,2007001012,从事算法的研究工作，找到新的软件解决方案。,算法开发工程师,"进行算法的设计、分析及模拟。
利用算法，解决各领域的问题。",information,math
https://static.104.com.tw/gtnew/img/character/bigRole/2007002002.png,I,R,C,2007002002,规划数位仓库，确保电脑资料备份和储存！,数据库管理人员,"依据使用者需求，参与数据库架构的设计，并针对整体系统架构提供建议，以创建最佳数据库架构。
规划、执行数据库资料备援及回复计划。
管理各项数据库资源使用，包含使用数量、权限管理、使用空间、系统资源（CPU、Memory、IO）等。
监控数据库效能，并适时针对相关参数及SQL进行调校。
提供咨询并处理使用者使用数据库的相关问题。
协同系统管理部门、网络管理部门，提供正常数据库维运。
依据现况，预估数据库成长趋势，规划未来系统资源需求。",information,math
https://static.104.com.tw/gtnew/img/character/bigRole/2007002003.png,I,R,C,2007002003,负责MIS系统的运作，同时管理与维护公司的系统架构、网络架构、防毒措施等。,MIS程序员,"建置、管理与维护公司系统。
开发MIS系统的功能，以符合企业需求。
设计与维护公司网页。
处理个人电脑软硬件的故障问题。
管理与维护公司网络和资料，并进行备份工作。
开发、设计及维护ERP软件。",information,math
https://static.104.com.tw/gtnew/img/character/bigRole/2007002005.png,I,R,C,2007002005,管理企业组织网络系统，确保网络顺畅和安全！,网络管理工程师,"设定、检修网络设备。
规划网络管理机制。
控管、备份网络服务器内的档案，并设定用户端权限，以确保档案安全。
监控系统运作，并建立危机处理的标准流程。
分析、解决用户端通讯问题。
负责资讯安全的管制。
设定电脑周边硬件系统的网络连线（如：打印机）。
提供用户端人员网络系统操作的教育训练。
依照企业需求，规划、架设及管理各种服务器。",information,english
https://static.104.com.tw/gtnew/img/character/bigRole/2007002006.png,R,I,C,2007002006,维护公司电脑正常运作，让同事电脑无后顾之忧！,系统维护／操作人员,"维护电脑系统效能，保持系统正常运作并进行除错。
记录各系统维护及异动的相关资讯。
负责软、硬件及其他系统周边装置的安装及维修。
回报所维护之软、硬件问题，并将问题交由技术人员处理。
帮用户端或作业员设定好电脑工作环境（如：应用软件）。
建立使用手册及程序，并对使用者进行教育训练。
与操作员、使用者和管理阶层沟通，评估系统修改及建立新系统的需求。",information,english
https://static.104.com.tw/gtnew/img/character/bigRole/2007002008.png,I,R,C,2007002008,打造网络防护罩，抵御各种病毒和攻击！,网络安全分析师,"设计网络安全系统，撰写防火墙及电脑病毒防范软件。
规划与管理防火墙、网络入侵检测系统（NIDS）及入侵防护系统（IPS）。
分析网络资料传输与网络安全架构等特性，以规划和维护互联网系统之正常运作。
安装、修改、侦错各种网络安全系统，以防制网络骇客入侵特定网络。
协助建置网络安全机制及落实资讯安全机制（如：ISO 27001）。
研究、分析网络使用行为（如：IM、P2P、Tunneling）。
针对网络安全系统之运作、管理及周边设备采购作业，提供技术性建议。",information,math
https://static.104.com.tw/gtnew/img/character/bigRole/2008001005.png,I,R,C,2008001005,修复及保养电动机械，是“电”的小博士！,电机技师／工程师,"设计、维护及改善商业、工业与家庭用途之电子仪器、设备、零件、产品及系统。
推动电脑辅助之工程，并设计执行工程任务的软件与设备。
指导及协调制造、设置、维护以及测试电机设备，以确保其符合规格、法规及顾客要求。
维修电机设备，并定期保养。
进行详细的计算以推估并制订制造、建构及安装的标准和规格。
检查安装完成的设备，观察操作流程，确保其符合设计和设备规格以及施作的安全标准。
管理及训练专案小组成员。
调查及检测供应商和竞争者的产品。
协助电机设备的研发业务。
估算生产及装设所需工料量价，并提出采购清单。",physichemical,english
https://static.104.com.tw/gtnew/img/character/bigRole/2008001006.png,I,R,C,2008001006,设计各种电动机械，让世界越来越方便！,机械工程师,"使用绘图工具或电脑辅助设计（CAD）或草拟设备和软件，协助制图员设计新研发产品的架构。
研究、设计、评估、安装、操作及维护机械产品、设备、系统与程序，以符合要求。
执行机械相关研发工作（如：应力分析、机构、振动、热传、冷冻、噪音、流力、固力、动力学等）。
测试、检测与分析设备、组件和系统之可行性、设计、操作和性能表现。
研究和分析客户设计规划、产品规格、说明书等资料，以评估可行性、费用及维修需求。
监督机器设备的安装、操作与维修，以确保其符合使用说明书的操作流程。
建立工作日志与设备管理档案。
解决系统故障问题，并提供技术讯息。
诊断设备故障原因，并提供维修小组改善建议。",physichemical,math
https://static.104.com.tw/gtnew/img/character/bigRole/2008001007.png,I,R,C,2008001007,设计产品整体结构，打造美观又实用的产品！,机构工程师,"负责产品机构设计与结构评估。
负责产品外型与包装设计。
负责机构材料的测试与选用。
绘制机构设计图面。
负责模具设计、开模、试模，并检讨、修改模具。
负责机构模型制作、测试分析与改善。
负责生产制程的规划与安排。
负责试产检讨及设计修正。
协助解决量产制造及制程中的机构相关问题。
负责各产品工程技术文件之制作。
建立及改善各项产品制程技术。",physichemical,english
https://static.104.com.tw/gtnew/img/character/bigRole/2008001009.png,I,R,C,2008001009,从事电子问题之研究，电子电路之设计、研发、技术指导、操作等方面规划，并支援团队工作与编写产品规格书。,电子工程师,"处理案子之硬件线路绘制、制作、除错及测试。
电子电路设计及固件程式设计。
操作测试设备，并评估元件、模组或系统的正确性和性能。
与机电工程师和其他人员合作、鉴定、确认及解决相关研发的问题。
提供电子方面的技术协助和解决方法。
开发进度订定、管理与产品规格书编写。
协助业务单位了解客户需求。",physichemical,math
https://static.104.com.tw/gtnew/img/character/bigRole/2008001011.png,I,R,C,2008001011,研究、设计、开发及检测商业、工业、军事或科学用途之电脑或电脑相关设备，并负责监督该设备及其零组件之制造与安装。,硬件研发工程师,"分析资讯，以确定、建议及规划电脑硬件布局，包括电脑类型和周边设备的修正。
分析和记录试验数据，测试、查核硬件及周边设备，以达到施工说明和要求。
分析客户需求及建议合适的硬件。
指导技师、工程设计者或其他技术支援人员进行产品开发。
与工程人员商讨施工方式，并评估软硬件间的界面和性能需求。
选择符合施工说明和产品要求的硬件和材料。
监控设备并做必要修改，以确保系统操作符合施工说明。
在产品开发、生产、销售过程间，对内部同仁及外部厂商提供相关支援。
建立、测试及修改产品原型。",physichemical,english
https://static.104.com.tw/gtnew/img/character/bigRole/2008001015.png,I,R,C,2008001015,设计及改良IC芯片，让电子产品（如手机）效能提升！,数位IC设计工程师,"依产品的规格与使用环境（如：温度、环保法规、便携式要求低功耗），设计积体电路。
评估积体电路、光电半导体技术及厚膜积体电路系统等设计。
规划积体电路产品及开发新的应用功能。
对于积体电路设计、专案管理及软硬件设备采购作业，提供技术性建议及相关咨询。
研究数位电路算法，以达到系统的速度要求。
针对数位电路做低功耗、低电压、缩小面积的改良研究。
依据系统规格，撰写硬件描述语言。
负责电路的合成与分析。
研究设计异步电路。
进行积体电路的测试与封装。",physichemical,english
https://static.104.com.tw/gtnew/img/character/bigRole/2008001016.png,I,R,C,2008001016,从事半导体工程之问题研究、设计及技术指导、发展、构建等工作。,半导体工程师,"生产LED芯片光刻、镀模、划片等设备。
开发半导体测试机台程式，并负责机台安装维护。
研究、分析半导体产业、产品及市场趋势。
负责PLC程式维修、仪电检测及一般电气保养。
开发、应用新的半导体相关技术。
开发、设计及导入制造执行系统（MES）及机台设备自动化（SECS／GEM）等自动化相关软件。
设计电子电路布局。
操作及验证电子束设备。",physichemical,english
https://static.104.com.tw/gtnew/img/character/bigRole/2008001018.png,I,R,C,2008001018,运用光、电知识开发产品，打造“光世代”！,光电工程师,"研究光电元件、光电物理及技术、积体光学、光电耦合、光纤同轴系统特性及理论。
设计固态光电元件、特殊光电元件。
设计、制作、测试、改良各种光电元件材料，以适应特定之应用。
督导光电材料与元件产品之良率、稳定度的控制与分析。
针对光电材料、元件产品之制作、管理及设备采购作业，提供技术性建议及相关咨询。
了解LED特性及其应用规格，分析LED芯片后工程序的封装测试及失效模式。
处理异常的生产问题，分析不良原因并提出改善对策。
设计、开发电子电路系统。",physichemical,english
https://static.104.com.tw/gtnew/img/character/bigRole/2008001020.png,I,R,C,2008001020,从事电信、通讯系统与线路工程之规划、设计、整合与监督，并支援团队工作。,电信／通讯系统工程师,"设计与电信通讯相关的系统与设备。
电信及通讯产品之系统规格制定。
电信及通讯产品开发评估。
电信及通讯技术发展及市场趋势研究。
竞争同业产品分析比较。
设计通讯算法，并进行模拟与实现。
执行系统分割或功能模组划分，并评估所需之系统资源。
建立并操作测试设备，并评估装置或系统的性能。
提供电信、通讯方面的技术协助和解决方法。
与团队其他人员合作、鉴定、确认及解决研发相关的问题。
测试产品规格，并执行除错及通讯协定相容性认证。
配合软、硬件工程师，提供客户通讯或电信服务解决方案。
监督电信与通讯系统施工、运作及维修。
建立管制标准与程序，以确保电信系统之有效运转及安全。
评估工程的费用和工作时间。",physichemical,english
https://static.104.com.tw/gtnew/img/character/bigRole/2008001021.png,I,R,C,2008001021,研究射频电路，让大家的手机、wifi、蓝牙顺畅！,RF通讯工程师,"负责高频电路设计、电路板布局及专案执行。
负责产品规格测试、除错、试产及法规认证。
负责阻抗匹配、噪声隔离与性能优化。
评估相关零件模组特性。
整合、测试无线通讯模组。",physichemical,english
https://static.104.com.tw/gtnew/img/character/bigRole/2008001027.png,I,R,C,2008001027,从事太阳能技术及相关产品之研究、设计、开发与生产等工作。,太阳能技术工程师,"设计、执行、维修与改善太阳能仪器或设备。
负责太阳能电池组件及相关产品的设计、研发与生产。
负责光伏发电系统方案制定与施工指导工作。
负责太阳能电池前瞻设备与技术之规划。
整合协调与制造、建构、安装、维修有关之事项，以符合既定规范与客户需求。",physichemical,math
https://static.104.com.tw/gtnew/img/character/bigRole/2008002001.png,I,R,C,2008002001,善用化学的知识，研究出改善人类生活的发明！,化工化学工程师,"在新产品制造阶段中进行实验室研究，并执行操作流程之试验。
指导和研发新的、改良的化学制程。
进行建厂及新生产线之设计及设备布置。
有效安排混合、粉碎、热传导、蒸馏和干燥等操作程序。
在生产作业过程中进行相关变项的检测（如：反应槽温度、密度、比重和锅炉蒸气压力），以维持一定效率、品质之生产。
开发自动化且安全的制程。
指导作业人员从事化工相关设备的操作。
研拟与评估生产成本及生产进度报告。",physichemical,math
https://static.104.com.tw/gtnew/img/character/bigRole/2008002002.png,I,R,C,2008002002,运用物理化学知识，研究出更棒的纺织布料！,纺织化学工程师,"在新产品制造阶段中进行实验室研究，并执行操作流程之试验。
依材料特性进行加工流程的研发。
进行建厂及新生产线之设计及设备布置。
负责纺织品之设计，并置入机能性及流行性之元素。
在生产作业过程中进行相关变项的检测（如：染整温度、锅炉蒸气压力），以维持一定效率、品质之生产。
开发自动化且安全的制程。
指导作业人员从事纺织化学相关设备的操作。
研拟与评估生产成本及生产进度报告。",physichemical,math
https://static.104.com.tw/gtnew/img/character/bigRole/2008002004.png,I,R,C,2008002004,从事材料、元件及产品的研发、实验、分析、改善与应用工作。,材料研发人员,"负责新材料的评估、测试、分析与选择。
开发新型材料、元件及其制造技术。
负责新产品或技术的制程开发及导入。
制订新产品、新工艺开发计划所需仪器设备要求和计划。
制订新产品检验标准。
负责产品验证及异常分析。
协助量产追踪及制程改善。
负责生产设备的改善与维护。",physichemical,math
https://static.104.com.tw/gtnew/img/character/bigRole/2008002000.png,,,,2008002005,从事科学试验、检验、分析、化验仪器操作等工作。,实验化验人员,"进行样品分析和化学分析方法的开发与改善。
分析数据统计（如：量测不确定度、量测系统分析）。
管理化验室设备、药品及操作文件。
进行品质专案计划以确保化验品质。
负责异常问题之排除。",,
https://static.104.com.tw/gtnew/img/character/bigRole/2008003002.png,I,R,C,2008003002,我有专业的医药知识，制作新药造福人群！,医药研发人员,"与其他科学家及工业工程师协同研究药物之化学及物理变换有关问题，以发展或改良生产程序。
提供雇主或顾客制药工程的相关技术咨询。
设计或改善工厂设备，并确认该程序中有关之单元操作及程序。",physichemical,biology
https://static.104.com.tw/gtnew/img/character/bigRole/2009002001.png,R,I,C,2009002001,规划与改善机台生产产品的制造流程，并让机台生产功能维持正常运作。,生产技术／制程工程师,"制订制造程序与产品标准。
评估制程专案计划，订出最适化的制造流程。
负责新产品制程的导入，并进行制程的检测，以使新产品能够稳定生产且符合相关标准。
定期检测制程设备的重点参数。
持续改善现有生产制程。
调查并处理生产制程的异常状况。
负责技术文件之撰写与维护。
负责每日产量及良率的分析、监控及改善。
推行生产制程的相关教育训练计划。",physichemical,english
https://static.104.com.tw/gtnew/img/character/bigRole/2009002002.png,R,I,C,2009002002,规划生产设备之操作顺序，解决设备问题，拟订并执行设备之预防保养计划。,生产设备工程师,"定期维护、保养生产设备机台，并进行故障排除、异常分析与追踪处理。
规划生产设备之操作顺序，以便正确使用设备，进而提升生产效率。
进行设备改造、升级或开发，以便提升设备的生产力。
规划有关设备空间的安排，并说明规划的功效。
评估新设备之整体效能，并将通过评估的新设备导入产线。
建立、管理并撰写设备的标准使用规范。
规划、维护自动控制系统，并将系统与生产设备整合。",physichemical,english
https://static.104.com.tw/gtnew/img/character/bigRole/2009002003.png,R,I,E,2009002003,管理自动生产线，让机械手臂等自动化机器产线顺畅运作！,自动控制工程师,"执行自动化运转系统之相关专案。
维持工厂内自动化系统之正常运作及改善系统缺点。
进行自动化系统之日常点检和定期保养。
负责自动化设备、系统界面之维护及改善。
负责自动化系统各类规范与相关文件之撰写、修改及操作人员之执照鉴定。",physichemical,math
https://static.104.com.tw/gtnew/img/character/bigRole/2009002005.png,R,I,C,2009002005,改良并控管生产品质，制造完美手机芯片(半导体)！,半导体制程工程师,"掌控产品良率及精度。
监控产品规格。
控制制作方法（recipe），并计算产品补值。
提出潜在的精度问题，并提供相关预防措施方案。
规划产品制造流程并提出改善的方案（如：缩短生产线制造过程的时间、降低制造成本等）。
提出重大产品良率问题的处理方式与报告说明。
制作、管理半导体材料与元件产品。
提出改善安全卫生（含厂务安全、环境卫生、设备使用）危险因子的计划。
进行安全卫生（如：厂务安全、环境卫生、设备使用）与制程相关之教育训练规划。
提供技术性建议及相关咨询。
控制采购设备预算。",physichemical,english
https://static.104.com.tw/gtnew/img/character/bigRole/2009002007.png,R,I,C,2009002007,管理半导体生产设备，让设备发挥最大生产效能！,半导体设备工程师,"保养日常设备，维持设备正常运作。
控制设备稼动率、增加生产量并维持产能状况。
进行设备分析，计算设备稼动率与生产成本，并提出结果说明及改善方案。
判断设备异常的原因，并排除问题。
提出潜在设备问题，并提供相关预防措施方案。
实施各设备产品的出产率、良率统计，并检查产量较低的设备。
提出重大机况问题处理报告说明。
制作、管理半导体材料与元件产品。
提出改善安全卫生（如：厂务安全、环境卫生、设备使用）危险因子的计划。
进行安全卫生（如：厂务安全、环境卫生、设备使用）与设备相关之教育训练规划。
提供技术性建议及相关咨询。
控制采购设备预算。",physichemical,english
https://static.104.com.tw/gtnew/img/character/bigRole/2009003006.png,R,C,I,2009003006,透过测试规划和封装作业，确保IC芯片的品质！,IC封装／测试工程师,"研究、评估与建立封装工程的技术。
负责封装材料（包含直接材料、间接材料）的验证及选用。
负责试产、量产时的产品异常分析与改善。
负责新产品封装导入及产品封装良率改进。
制定合适的IC测试计划，以降低量产测试成本。
撰写、修改以及维护芯片测试（CP）、最终测试（FT）等测试程式。
验证正确性与效能，并进行特性与电性的分析。
负责TCP、COF、COG、BGA、MCP、Lead Frame等基板工程的布局设计。
负责测试文件之建档与管理。
评估与管理IC封装／测试外包厂商。
评估封装、测试软硬件设备的需求。",physichemical,english
https://static.104.com.tw/gtnew/img/character/bigRole/2009003010.png,R,C,I,2009003010,使用仪器测试设备，确保产品达到一定水准！,品管／检验人员,"检查、测试、或测量材料、产品、装置，使之符合规格。
使用测量仪器（如：尺规或测微器等）测量产品的尺寸以符合规格。
分析及解释蓝图、数据、手册和其他材料，以确定规格、检验程序、测试程序、调整方法、检定方法等。
收集或挑选样本，以进行测试或作为模型使用。
分析、计算测验数据，以确认测试结果。
与负责产品的人员讨论检查的结果，并建议必要的修正行动。
丢弃或排除不符合规格的产品、材料和设备。
标记产品检验的结果，如等级、接受或拒绝状态。
根据尺寸、重量、颜色或其他规格将产品分类和分级。",physichemical,
https://static.104.com.tw/gtnew/img/character/bigRole/2009004001.png,R,C,I,2009004001,从事劳工卫生、安全相关作业程序、标准及方法之规划与执行工作。并结合工业安全卫生的原理与工程技术，分析、寻求、试验、发展安全卫生的工作环境，减少或控制工作中潜在之危害。,职业安全卫生管理师,"建立、修订及执行专案相关安全卫生政策、计划、程序书及标准。
拟定各项安全卫生管理办法，并负责安全卫生系统管理相关业务。
执行安全卫生督导及稽核。
收集、分析并解释与职业疾病、灾害有关的统计资料。
检视新的机械装置或设备的计划与说明书，以确保其符合安全规范。
检视作业设备安全，建议作业设备安全规定，并因应劳工作业需求提供个人防护器具。
调查工业事故、伤害与职业灾害，找出成因并拟定改善建议，追踪改进情况。
规划、执行员工教育训练（如：安全法规、灾害环境监控与安全设备的使用）。
检视员工安全计划的适切性与适足性。
规划及实施劳工作业区域作业环境检测。
提供工作安全规定咨询服务。
召开劳工安全委员会，检讨厂区安全事件。
研究及改进安全工作程序及方法。
向各级主管建议安全卫生事项。
推动各种安全卫生活动，激发员工对安全卫生工作发生兴趣。
协助改进工作场所布置、安全防护设备、工厂整洁。
协助建立意外伤害急救站，实施急救训练。
提供各单位安全卫生技术协助。
协助安全委员会及各部门推动安全卫生工作。",physichemical,
https://static.104.com.tw/gtnew/img/character/bigRole/2009004002.png,R,C,I,2009004002,从事安全卫生工作的督导及稽核工作。,安全／卫生相关检验人员,"规划、督导安全卫生设施之检点与检查。
督导相关人员实施巡查、自驻检查及作业环测。
执行安全卫生制度成效评核。
负责施工现场安全卫生查核。
负责工地劳安查核。
审查许可证、执照、申请和纪录，以确保符合法令或相关规定。",physichemical,
https://static.104.com.tw/gtnew/img/character/bigRole/2009004003.png,R,C,I,2009004003,监控及预防污染源，平衡开发需求与环境维护！,环境工程人员 / 工程师,"进行相关设备之验收、设定、测试、净化、保养及日常操作。
维护日常操作表单纪录、计算机程序使用日志与电脑档案使用记录等。
执行污染检测，搜集并分析空气与地下水等之样本。
规划、维护与保养工作场所废弃物（如：石棉、铅、废水等）排放系统，并订期检测废弃物之排放是否符合政府规定。
协助ISO、OHSAS等认证中与环保相关之认证工作。
申请空污、废水、废弃物、毒化物等相关许可证。
规划安全卫生设施及其检核要点，定期检查并维护之。
实地进行环境最佳化工作。
规划、督导有关人员，进行巡视、定期检查、重点检查、危害通识及作业环境测定等工作。
执行实验室工作（如：数值记录与实物观察，准备并包装样本，分析化验，记录测试结果，拍照记录等）。
整理与稽核各项相关例行性报表。
取得相关设备与材料之产品资讯，为小型与大型供应商归类，并订购原料与设备以维持存货足量。
管理危险品仓。
规划并督导工厂噪音、废气、废水及废弃物等污染源之处理，以达到国家标准，减少工业污染。",physichemical,biology
https://static.104.com.tw/gtnew/img/character/bigRole/2009004004.png,R,C,I,2009004004,在消防设备及建筑专业人员监督下，从事防火及建筑检验等工作。,防火及建筑检验人员,"提供建筑物结构有关建筑、区域规划、及品质安全等法规之咨询。
检验建造时与建造后之建筑物，以确保合乎区域规划，品质安全等要求。
检验建筑物是否有违建、或缺乏适当维修之情形存在。
检验工厂、电影院、旅馆等结构，以测防火设施，并教导疏散方法。
供火灾探测、自动灭火装置，及疏散方法之咨询，以降低火灾风险及灾害延伸。
调查起火位置与起火原因。",physichemical,
https://static.104.com.tw/gtnew/img/character/bigRole/2010001003.png,R,I,C,2010001003,在电机工程师指导监督下，从事电机设备之设计、发展、构建、装设、保养、修理等技术工作。,电机工程技术员,"提供电机设备生产、装设、使用、保养及维修等技术之协助。
协助发展电机设备的业务。
估算生产及装设所需工料量价。",physichemical,
https://static.104.com.tw/gtnew/img/character/bigRole/2010001004.png,R,C,I,2010001004,操作CNC机台（车床、铣床...），研磨切割出各种金属物品（如手机机壳）！,CNC机台操作人员,"负责CNC加工机及其他现场加工机操作。
协助厂内开模与型修，并管理委托件之加工进度。
负责制模加工技术之提升训练。
负责加工现场安全督导与管理。
协助改善制程品质与成效追踪。
负责机械加工设备的维护、保养。
负责工件防锈等维护和加工处理工作。
负责产品测试与量测。",housekeeping,art
https://static.104.com.tw/gtnew/img/character/bigRole/2010001006.png,R,C,I,2010001006,操作安装调整妥当之车床，从事加工工作。,车床人员,"从事之工作略同一般机床操作工，但专于自动或半自动车床操作。
模具零件加工。
操作车床及车制零配件。
保养与维护机器。
修整车床。
研磨刀具。
协助生产流程。
控制工件尺寸。
编写CNC车铣复合机程式及调校（CNC车床）。
CNC车床程式编辑、校模技能、视图能力（CNC车床）。",housekeeping,art
https://static.104.com.tw/gtnew/img/character/bigRole/2010001007.png,R,C,I,2010001007,安排及操作金工用铣床，并安装及调整妥当，以按照既定规格从事金属加工工作。,铣床人员,"检查工件蓝图及其规格。
使用螺栓、夹板等夹具，将工件固定于机器平台上。
选择、装配刀具。
选定切削速度并起动试铣。
操纵手轮或以自动进刀机构进行加工。
控制切削剂。
按工件需要更换刀具。
使用度量仪器检查工件。",housekeeping,art
https://static.104.com.tw/gtnew/img/character/bigRole/2010001008.png,R,C,I,2010001008,负责冲压模具的设计、开模，运用冲压机械对金属施行冲剪、成型、弯曲、引伸和压缩等加工，制成各种零件与制品（如汽车引擎盖）。,冲压模具技术人员,"设计冲压模具，并参与模具制作、加工、组立、送样及试模工作。
绘制2D与3D的冲压模具设计图。
规划与管理模具之生产线。
负责开模前之规划及开模后之进度掌控。
负责模具的维修及保养作业。
依据生产模次排定保养计划，并督导执行状况。
管理与监督库存模具。
协助生产单位处理模具异常状况。
管理射出模、制造模的现场工作人员。
负责模具技术开发。",housekeeping,art
https://static.104.com.tw/gtnew/img/character/bigRole/2010001009.png,R,C,I,2010001009,装配、操作或有助于金属或塑胶铸造、塑造或制作核心的机器，以塑造或铸造产品热塑性的部分,塑胶模具技术人员,"设计模具，并参与模具制造、加工、组立、送样、试模及验收工作。
绘制2D与3D的模具设计图。
负责开模前之规划及开模后之进度掌控。
进行模流分析。
负责模具估价及成本分析。
规划与管理模具之生产线。
负责生产单位检具、治具制作及异常事项的处理及改善。
负责模具的维修及保养作业。
评估新产品模具开发的可行性。
负责品质异常问题分析。",housekeeping,art
https://static.104.com.tw/gtnew/img/character/bigRole/2010001010.png,R,C,I,2010001010,装配与操作各种机械工具，以制造精密的元件、仪器、产品或维修工业用机器。,机械加工技术人员,"负责机械设备组装。
操控自动机器生产线。
检视人员、机台的稼动状况。
负责产品品质的管控及检验。
安排出货流程。
负责设备故障排除与设定。
负责机台设备的日常保养与维护工作。",housekeeping,art
https://static.104.com.tw/gtnew/img/character/bigRole/2010001011.png,C,R,I,2010001011,将塑胶原料加热融化，再打造成需要的形状！,塑胶射出技术人员,"将模具装上射出机，并固定于适当位置。
调节温度及压力装置，以保持指定之加工条件。
将已混合的塑胶料或单种塑胶粒倾入料斗，在指定之温度下干燥数小时。
开动机器，闭合模具并注入塑胶原料，保压予以成型固化。
开模并取出成品。
进行成品的修整。",housekeeping,art
https://static.104.com.tw/gtnew/img/character/bigRole/2010001012.png,C,R,I,2010001012,从事用手工或电动打字机或其他机器从事排版，用印刷术或电动排版从事印刷版之制作，石板石、印刷板、滚筒、平板之镌刻，以及用绢画印刷法，从事在纸张或其他材料上之印制，或书籍之装订及加工等工作。,印前制作／印刷技术人员,"在印刷机上安装及调整印版。
加入水槽液，调整压力。
于印刷机着墨，装上纸张，并根据纸张的尺寸调整印刷机。
当印刷机运转时，随时更改任何的错误。
确保印刷影像的清晰、墨色的统一及套印的精美。
调色、配料、及清理版面。
有需要时进行机械的调整工作。",housekeeping,art
https://static.104.com.tw/gtnew/img/character/bigRole/2010001014.png,R,C,I,2010001014,处理金属板片，以制造或修复物品！,板金技术员,"剪切金属板片、并使之成形。
制造及修理锡、铜、轻合金之家庭器具、用品、装饰物品及饰件。
制造及修理锅炉、水槽、大桶及类似容器。
安装及修理车辆及飞机等板金工件。",housekeeping,physical
https://static.104.com.tw/gtnew/img/character/bigRole/2010001016.png,R,C,I,2010001016,从事金属气体火焰及电弧焊接、切割及熔合金属表面。,焊接及切割技术员,"用瓦斯气体火焰、电弧、铝热剂化合物或其他方法焊接金属。
操作电阻熔接机器。
用小型发焰装置制作及修理铅隔板、导管、地板及其他铝制品。
用铜锌合金焊接金属工件。
用瓦斯气体火焰、电弧切割金属片。
用手工焊接剂焊接金属。",housekeeping,physical
https://static.104.com.tw/gtnew/img/character/bigRole/2010001017.png,R,C,I,2010001017,成衣厂QC，订单，生产，品质管制。,纺织工务,"协调并管控委外加工厂之进度与交货期限。
检验品质。
处理异常状况。",housekeeping,physical
https://static.104.com.tw/gtnew/img/character/bigRole/2010001019.png,R,C,I,2010001019,根据市场、材质或流行，做出美观实用的鞋子！,制鞋类人员,"替各类鞋款的开版及打样。
设计运动鞋型、流行休闲鞋型。
大底绘图设计、材质运用、搭配颜色。
设计新的鞋样、结构、模具、功能、饰片、及饰品。
手绘或运用电脑进行产品设计、绘图。
鞋底3D制作。",housekeeping,art
https://static.104.com.tw/gtnew/img/character/bigRole/2010001024.png,R,I,C,2010001024,根据精密生产程序，从事电机设备零件之组装工作。,电机设备装配员,"使用起子，钳子、或其他手工具，将制成组件固装于一定之位置。
用夹合、钖焊等方法装置及连接线路。",physical,scout
https://static.104.com.tw/gtnew/img/character/bigRole/2010001025.png,R,C,I,2010001025,在农、林业从事一种或多种动力化机器与设备之操作及监控。,农业及林业设备操作员,"操作耕作、播种、中耕、除草、施肥、喷药、收割或其他特殊用途农业机器、曳引机。
操作开垦、种植、采伐、运材或其他特殊用途林业机器、曳引机。",physical,scout
https://static.104.com.tw/gtnew/img/character/bigRole/2010001036.png,R,C,I,2010001036,操作激光机台来制作模具加工。,激光操作技术员,"激光机台或CNC机台之基本操作。
透过NC与CAD语言操作机器。
负责机台维护与保养。
后处理流程安排。",physical,scout
https://static.104.com.tw/gtnew/img/character/bigRole/2010001038.png,R,C,I,2010001038,从事锅炉操作运用，确保锅炉设备按照排程作业，并执行锅炉设施例行性维护保养、每日启停作业、功能测试、检查及调整等工作。,锅炉操作技术人员,"操作锅炉启动、停止，并调整燃烧系统中之风门、油压、煤流等。
根据蒸汽、空气、泄水、燃料等系统状况执行管阀操作。
巡视、观察、维护锅炉之运转状况，并纪录锅炉维护工作日志，及交接班的资讯传达。
执行锅炉备品、耗材、工具仪器之管理，并负责机具维护、安全防护用具之清洁保养。
观察锅炉炉膛燃烧状况，必要时协助锅炉设施紧急故障抢修作业、事故调查等。",physical,scout
https://static.104.com.tw/gtnew/img/character/bigRole/2010002001.png,R,I,C,2010002001,负责处理客户商品问题、客户售后服务、销售货品及提供咨询服务等工作。,产品售后技术服务,"进行例行性售后服务（如：客户拜访、产品状况了解及客诉处理）。
建立售后服务制度。
回复客户应用技术的问题，提供产品技术咨询。
提供客户技术服务，必要时外勤至客户处安装、检修仪器设备。
接听客服电话，回应并处理产品客诉抱怨。",physichemical,housekeeping
https://static.104.com.tw/gtnew/img/character/bigRole/2010002003.png,R,I,C,2010002003,从事组装电脑、测试电脑稳定度、维修故障电脑等工作。,电脑组装／测试,"执行电脑软硬件各项设备的安装。
找出并解决电脑故障原因。
帮客户进行电脑升级分析，找出最适合的升级方案。
进行电脑稳定度测试，减少客户当机的情况。
研究即时市场行情，让客户拥有最新的讯息。
提供到府服务，让客户的电脑在最短时间内获得处理。
提供简易的故障排除资讯，让客户也能解决简单的问题。",information,physichemical
https://static.104.com.tw/gtnew/img/character/bigRole/2010002004.png,R,I,C,2010002004,从事通信系统和设备的规划、安装与维护工作。,通信测试维修人员,"负责通信测试、配线、施工等技术工作。
规划通信网络系统与通讯传输系统。
负责通信设备（如：电脑系统、数位通信线）架设与管理维护。
清理、维护并测试常用的工具、仪器。
提供客户设备咨询、设定、维护、问题解决等服务。",information,physichemical
https://static.104.com.tw/gtnew/img/character/bigRole/2010002005.png,R,I,C,2010002005,负责机械、设备或产品的安装、架设、保养、维护及客诉问题改善等工作。,产品维修人员,"规划保养维修作业计划，以提供客户满意的售后服务制度。
配合客户维修时间，至客户端进行定期检查及保养。
分析产品功能异常状况，并建立数据库。
负责维修报表之建档与管理。
提供顾客产品维修的内容与报价。
负责公司产品相关检验测试工作。
负责公司产品维修工作。
编写不良品维修手册。
提供维修技术问题之分析与咨询。
负责维修器具、零件的管理、保养与维护。
负责异常状况之追踪处理。
建立与维护客户资料。
负责合约客户之教育训练。
提供顾客正确产品使用及保养的知识。",physichemical,housekeeping
https://static.104.com.tw/gtnew/img/character/bigRole/2010002006.png,R,C,I,2010002006,从事冷冻空调设备或工程的规划、施作、安装、维修及保养工作。,空调冷冻技术人员,"绘制空调工程图。
负责冷冻空调工程之工程规划、施作及监工。
负责空调、冷冻设备的检修及保养。",physichemical,housekeeping
https://static.104.com.tw/gtnew/img/character/bigRole/2010002007.png,R,C,I,2010002007,解决汽机车动力问题，让引擎顺利运作！,汽车／机车引擎技术人员,"试驾车辆，并使用红外线引擎分析仪、压缩仪及电脑诊断设备，测试零件与系统。
逐项检查检修清单内的重要零件，以确保检修的完整性（如：皮带、软管、转向系统、火星塞、刹车与供油系统、轮胎轴承等）。
测试并调整已修缮的系统以符合原厂标准。
进行例行维修服务（如：更换机油、润滑油及调校车辆等）。
了解顾客问题及车况。确认将进行的保养及维修项目。
拆解车辆部件，使用测微计、卡钳及测量仪器，检视各部件的磨损状态。
使用图表、技术手册，并依据经验来规划工作程序。",physichemical,housekeeping
https://static.104.com.tw/gtnew/img/character/bigRole/2010002008.png,R,C,I,2010002008,从事非引擎、烤漆、钣金方面的汽车技术维修工作。,其他汽车／机车技术维修人员,"进行例行的维修与保养工作服务（如：更换机油、润滑油及调校车辆）。
拆解车辆零件，检视磨损状况，并进行必要的拆修换装。
进行汽车美容工作。
负责汽车改装工作。
负责汽车配件装修。
填写维护记录表单。",physichemical,housekeeping
https://static.104.com.tw/gtnew/img/character/bigRole/2010002009.png,R,I,C,2010002009,从事飞机机件及引擎之安装、检查、测试、保养、换件及维修。,飞机装修工,"负责飞机引擎之安装、检查与测试。
更换引擎或发动机零件。
执行计划性岁修、保养、异常修复与设备改善。
执行例行性检查、保养与异常修复。
执行每日工作要点与建议事项，并填具工作日志以供备查。",physichemical,housekeeping
https://static.104.com.tw/gtnew/img/character/bigRole/2010002010.png,R,C,I,2010002010,安装、修理、保养各种农业与工业用机器、发动机及相关之设备。,农业及工业用机器装修工,"检查故障机械及相关设备，确定故障原因。
拆卸待修设备，取出毁坏或磨损之零件。
修理或更换零件。
装配零件，并进行必要之加工。
测试修竣之设备，并进行必要调整。
检查、调整、润滑机器和相关设备，并进行其他维护工作。",physical,scout
https://static.104.com.tw/gtnew/img/character/bigRole/2010002011.png,R,I,C,2010002011,利用各种工具及仪表，进行装置、调整及修理各类电机及电器。,电机装修工,"安装各种机具、电机设备（如：消防系统、电梯）。
检查装配组件之准确度，并于必要时进行凿、锉、刮及其他辅助工具作业。
检查各种机具、电机的故障状况，并修换损旧组件及线路。
进行线路的铺设及连接。",physical,scout
https://static.104.com.tw/gtnew/img/character/bigRole/2010002012.png,R,I,C,2010002012,从事各种电子设备之装配、调整、修理、检查及试验（如：无线电、电视接收机、发射机、雷达、天线、电子医疗设备、电子计算机、工业用电子设备及通信系统等）。,电子设备装修工,"装配与调整各项电子产品或设备。
检测各类电子产品或设备。
负责更换、调整及修理各项电子产品或设备的故障零件。
定期保养各类电子产品或设备。",physical,scout
https://static.104.com.tw/gtnew/img/character/bigRole/2010002014.png,R,C,I,2010002014,从事高架、地下电力及电信输送电线及电缆之架设、维护、检查、修理等工作。,电信及电力线路架设工,"使用绳索、叉架或吊杆车来竖立电杆。
利用已有的电杆，使用牵引器、链吊升器进行电线电缆布放和接续的作业。
开人孔、做管道，或利用现有的地下管道，使用人力或机器牵引，进行地下电缆布放和接续的作业。
从配线箱拉引、架设干线线路、各楼层分路线路，以及进行在配线架或配线面板上的端接。
登上铁塔或电线杆，进行电线电缆布放和接续的作业。
将必要的绝缘装置吊挂至塔上并安装于导线。
开人孔、做管道，或利用现有管道进行地下电缆布放、接续作业以及地下电缆的绝缘、防水处理。
从进屋点将导线引至电度表或总开关处，架设干线线路、各楼层分路线路，进行在配电盘的端接以及布放接地导线。
用电脑化软件来进行线路管理的维护。
中控室内操作系统或到现场从事电缆的维护及修理。",physical,scout
https://static.104.com.tw/gtnew/img/character/bigRole/2010002015.png,R,C,I,2010002015,从事钟表、光学设备、医疗器材等精密仪器之制造、装配及修理。,精密仪器制造工及修理工,"制造各项精密器材、仪器及设备。
校准及修理各项精密器材、仪器及设备。
负责装配各项精密器材、仪器及设备。",physichemical,housekeeping
https://static.104.com.tw/gtnew/img/character/bigRole/2011002010.png,R,E,I,2011002010,船上总指挥官，确保航海旅程安全顺利！,船长／大副／船员,"指示船舶之航行与停泊。
运用航行图、罗盘、雷达与其他航海辅助器，控制船行速度与指示航行方向。
命令与监督船员工作。
确保船员与旅客遵守安全规定与程序，如发生船难时指示紧急救难行动。
代表船舶所有人处理有关船舶之事务。
确保货物安全装卸，以及船身与设备之维护。
考核驾驶部、事务部各级船员技术及品行。
考查各项物料及舱商设备属具供应保管情形，负责请领监督使用。
指导求生，灭火其他各种演习，负责有关设备维护。
保管记录船史、航海日志、设备目录、属具目录、装卸货物文件及保管记录文书。
船舶进出港锚泊时，于船舶值勤，指挥海员执行系泊职务。
船舶到港，负责处理船上对外公务，督导装卸作业。危险品或特种货物装卸，亲自指挥，注意安全法令规定。
船舶出航前，查点各级船员，会同各部门主管查察有无私载旅客货物。
随时注意船内卫生环境，负责海员或旅客患病之处置。遇有出生或死亡，出具证明书。
船舶接受检疫时，率同有关人员准备各项文书并按规定办理。
安排船体及舱面设备之检修、维护及保养，督导驾驶及事务各部门清洁并分派海员工作，每日率同水手长巡视各部门一次。",physichemical,scout
https://static.104.com.tw/gtnew/img/character/bigRole/2012001002.png,A,E,R,2012001002,设计和监督建造，盖出美观实用的建筑！,建筑师,"分析、整合建筑法规、建筑细则、相关技术文件和报告，以完成建筑规划设计。
负责各类建筑物之内部空间规划与设计。
绘制规划设计图、施工图与建照图。
研究建筑物的用途，预估使用时可能出现的困难，并谋求最符合成本效益的解决办法。
根据设计项目与需要建材，决定建筑时序。
监督、协调并检视建筑计划中制图者、技师与专技人员的工作。
监督建造工程，确保其符合图则及相关建筑条例。",physichemical,art
https://static.104.com.tw/gtnew/img/character/bigRole/2012001004.png,R,I,C,2012001004,规划和监督土木工程，为大家造桥铺路！,土木技师／土木工程师,"分析调查报告、地图、设计蓝图、照片及地质资料，以进行计划。
依据建筑与政府标准，规划及设计运输或水利系统。
计算负重与斜度条件、水流速度、与材质受压性，以决定设计的施工细目。
监督施工进度，确保设计细目符合安全或排水系统标准。
测试并确定原料（如：基石、混凝土、沥青、钢筋）的适宜度与强度。
预估原料、设备及人力的数量与费用，以评估计划可行性。
撰写公开报告（如：招标提案、契约、环境影响声明或通行权等说明）。
提供设计、建构、计划修正与结构修缮的技术建议。",physichemical,math
https://static.104.com.tw/gtnew/img/character/bigRole/2012001006.png,R,I,C,2012001006,规划、设计水利工程（如：水力发电、堰坝供水、防洪灌溉、排水内陆水道），并负责监督工程之建造、维护及修缮。,水利工程师,"进行水文水理的分析与研究。
负责水理水利规划设计作业。
规划及执行水土保持措施。
进行工地之现场测量。
负责工程事务的联络与协调。
控管施工进度与品质。
负责工程施作期间的测量记录。",physichemical,math
https://static.104.com.tw/gtnew/img/character/bigRole/2012001007.png,R,C,I,2012001007,提供准备工程图与各类土木工程（如：高速公路、桥梁、管线、防洪工程或污水控制系统）所需之立体图，以利工程进行。,工程配管绘图,"绘制地图、地形图或地层图。
结构、组装与营建相关之草图规划和细部设计。
依据地形地物测量，进行资料修正。
检视草图、合约图、合约规范及相关资料，以确保其符合设计慨念。
利用照相或蓝图进行工程图复制。",physichemical,art
https://static.104.com.tw/gtnew/img/character/bigRole/2012001010.png,R,I,C,2012001010,负责工程现场的工程事项协调与行政管理。,工务人员／助理,"负责工地现场监工、人员调派、工程分包安排及业务处理。
配合工程预算，制作发包标单及图说整理。
协助丈量尺寸，绘图，核对图面资料，并负责图档管理。
负责各项行政庶务工作（如：合约制作、档案管理、报价、请款与预算控管）。
负责接听电话及访客接待。
协助工地物料管理（如：进货验收、库存盘点）。
联系厂商并追踪修缮进度。",housekeeping,scout
https://static.104.com.tw/gtnew/img/character/bigRole/2012001011.png,R,I,C,2012001011,负责水电工程施工整体计划，如绘制工程蓝图、施工材料审核、机械工程等技术问题解决，并协调及监控整体品质与进度。,水电工程师,"负责水电工程施工方案，如绘制工程蓝图（排水配管、电器线路），监督和实施之。
负责或审查水电工程材料及施工机械使用计划，如电机、电子设备装修维謢。
指导解决水电工程施工中相关技术问题。
监控水电工程品质与进度。
负责水电工程预算/结算/验收报告。",physichemical,math
https://static.104.com.tw/gtnew/img/character/bigRole/2012002001.png,R,C,I,2012002001,管理工地大小事，确保工程安全和顺利！,营造工程师,"负责接案工程发包及成本预算控制。
负责分项工程现场指挥。
负责分包商施工之监督与评估。
依据施工图进行工程检讨与审查。
控管施工进度与品质。
执行分项工程及安全卫生自主检查。
负责进场物料的验收、检验与堆置管理。
协调工程事务与劳务。
制作、整理、保存施工纪录与文件资料。",physichemical,math
https://static.104.com.tw/gtnew/img/character/bigRole/2012002002.png,R,E,C,2012002002,维护工地现场工人安全，及督促工人完成各项工作，并维护建筑品质安全,工地监工／主任,"指挥并监督工人，以控制工程的执行进度与施工品质。
计划、组织及指挥有关建造的活动与维护结构、设施与系统。
与所有人、承包商及设计师共同商量，讨论及解决如工作程序、抗议和建筑问题等事务。
审查与检阅专案的规划，以监控是否遵守建筑、安全法规和其他章程。
预先检查分包厂商施工前之准备工作。
确实填写监工日报表，以留下详实工程进行的记录资料。
进行进场材料品质之点收、存放、使用查验及结算。
依据施工状况向分包厂商协商提出各项建议（如：施工方式之改进、施工程序之变更、施工机具之增减、施工人员数量及素质之改善、进场材料品质之改善、工地环境之清洁卫生、施工过程之安全措施等）。
视状况采取各项措施，以因应分包厂商之不良行为（不接受建议或不履行应办事项），如：将不合格材料运离现场、撤换不合标准施工人员、重作施工不良之半成品、勒令暂时停工、更换施工厂商、中止分包合约等。
代表设计公司向分包厂商解释合约内图样及条文说明，共同取得合约共识。
要求施工单位确实按图施工以符合施工设计。
进行各分包厂商完成工程之验收与结算。",housekeeping,physical
https://static.104.com.tw/gtnew/img/character/bigRole/2012002012.png,R,C,I,2012002012,凡不属砌砖工、混凝土工、或营建木工细类之其他营建工作者。,其他营建构造工及有关工作者,"从事各种结构及建筑物如办公大楼、公寓、工厂等结构保送工作。
在高处，从事构建、保养及修理工作。
在建筑工地，架设金属或木制鹰架。",physical,scout
https://static.104.com.tw/gtnew/img/character/bigRole/2012002013.png,R,C,I,2012002013,房屋水电工程之监造及交屋后之维修。（这比较是水电工程师）,水电工,"安装、维修建筑物或室外之给水与排水系统。
安装、维修建筑物之电线管路与用电设备。
安装、维修及配置照明设备。
安装、维修家电或厨卫设备。",housekeeping,math
https://static.104.com.tw/gtnew/img/character/bigRole/2012003001.png,R,I,C,2012003001,从事电脑辅助绘图，或电脑辅助制造等规划、设计之工作。,CAD／CAM工程师,"使用电脑软件将设计图转换为CNC控制码，以驱动制造设备。
将相关文件、图档汇集整理，并交付品质审核负责人员进行审核。
检查完稿和所估计的成本是否足够精确，以符合相关标准与规范。
提出并说明设计规格。
对制造团队进行说明，必要时提出修正方案。
对其他技术相关成员进行训练或管理。
与其他相关工程人员或专案成员协调沟通，共同解决问题。",physichemical,art
https://static.104.com.tw/gtnew/img/character/bigRole/2012003002.png,A,I,R,2012003002,从事建筑物或营建工程之绘图或设计规划工作。,建筑设计／绘图人员,"规划营建物之空间及绘制成图，以呈现该营建物建造完成后各空间配置及利用情形。
熟悉建筑法令、结构安全、建材特性等，以规划设计营建工程。
绘出建筑物施工中的蓝图，包括内外装修、细部构造或结构体的施工图，以及水电配置图和建筑物座落位置图等。
利用电脑绘图软件以完成蓝图绘制；例如图面档案管理、立体图、彩视材质等三度空间表现、结构分析与模拟，建立图形数据库等等。",physichemical,art
https://static.104.com.tw/gtnew/img/character/bigRole/2012003003.png,R,I,A,2012003003,从事水电设备或其他工程之绘图、设计工作。,水电及其他工程绘图人员,"进行实地勘查，并记录施工地点的各项特征与细节。
绘制、修改工程设计图、施工图或竣工图。
检视工程设计图、施工图及相关资料，进行必要修正，以符合设计概念。
协助主管进行估算报价及厂商询价。
编列工程报价单，并负责文件资料的归档与整理。",physichemical,art
https://static.104.com.tw/gtnew/img/character/bigRole/2012003004.png,R,I,A,2012003004,从事机械设备或机械工程之绘图、设计工作。,机械设计／绘图人员,"制作机械的装置、工具及控制器之详细设计图及说明。
检阅及分析规格、草图、蓝图、想法和相关数据，以评估组件设计的影响因素及所须遵照的程序和指示。
提供零件或机器设计所需的数学运算程式。
修改设计以改良操作缺点或生产问题。
设计按比例缩小或实物大小的物件蓝图。
绘制系统图、组立图、装配图、顺序图，以描述组件、装配、系统和机器的功能关系。
提供客户咨询服务。",physichemical,art
https://static.104.com.tw/gtnew/img/character/bigRole/2012003005.png,C,R,I,2012003005,接受测量师、土木工程师或建筑师之指导，从事各种测量实务及协助编制测量报告等工作。,量测／仪校人员,"测量土地及工地并记录量度及其他资料。
配合现场施工放样、检测。
计算、整理测量资料，并协助编制测量报告。
负责仪器校正、检验及维修工作。
填写测量报告、表单记录，并负责文件归档管理。
规划产品检验技术。
管理量具室。
负责量测治具设计。",math,scout
https://static.104.com.tw/gtnew/img/character/bigRole/2012003006.png,A,R,I,2012003006,规划室内空间，协助屋主打造梦想中的家！,室内设计／装潢人员,"借由室内设计专业规划，协助业主落实未来居家空间的想像与感觉，并评估其可行性。
配合业主需求或提出更完善建议，检讨及规划室内空间机能，使其发挥最高坪效或满足业主个性化需求。
协助业主选择装修材料、窗帘、家具及饰品布置，以统合室内整体风格设计，营造更舒适的居家感觉。
规划相关机电与消防系统，使业主居住更便利、安全且合法。
绘制装修施工图，作为施工人员之施工准则及验收标准。
与业主进行预算检讨，筛选及确定适合的施工厂商，并进行或协助工程发包作业。
协助购买预售屋之业主与建设公司进行房屋变更事宜。
做为业主与厂商之间沟通桥梁，协助厘清双方想法之差距。
解决现场工程问题，掌握施工品质与进度，并协助业主及厂商进行维修事宜。
协助业主在购屋或租屋之前，评估室内空间是否符合其需求与期待。",art,housekeeping
https://static.104.com.tw/gtnew/img/character/bigRole/2012003007.png,A,R,I,2012003007,规划户外景观，美化建筑物周遭空间！,景观设计师,"了解客户的需求，确定设计目标主轴，并预估所需经费。
探勘与分析基地的人文（如：交通、商圈、历史文化、周遭环境）与自然环境（如：地形、气候、排水、植栽），以进行初步草图设计与草模制作。
绘制设计图（如：平面图、立面图、示意图、模拟图）及模型工程图，并定期与客户沟通，进行修图。
监督施工状况，以确保施工品质符合设计需求。",art,housekeeping
https://static.104.com.tw/gtnew/img/character/bigRole/2013001010.png,A,R,I,2013001010,考虑生产和使用相关因素，再设计出好用产品！,工业设计,"负责设计前之研究分析，拟定新产品开发策略。
运用人因工程、市场需求、造型趋向、产品分析等设计技术，建立设计之准则。
以草图绘制、精密描写、色彩计划、造型研究、模型试作等方式，进行设计展开。
提出与产品外观有关之机构问题的解决方案，并绘制图画，制作模型。
提供产品包装工程及商业设计方面的咨询。",art,housekeeping
https://static.104.com.tw/gtnew/img/character/bigRole/2013001013.png,A,R,C,2013001013,协助设计师完成所有设计、工程等相关事宜。,设计助理,"绘制设计图。
制作模型及材料板。
制作简报或准备资料。
辅助设计师行政事务。",art,housekeeping
https://static.104.com.tw/gtnew/img/character/bigRole/2013002006.png,A,R,E,2013002006,编排、练习和演出，用舞蹈和肢体表达自己！,舞蹈指导与舞蹈家,"研究故事、作品配合音乐创作编写舞谱。
担任独舞，两人含伴舞或团体舞之一员。",physical,art
https://static.104.com.tw/gtnew/img/character/bigRole/2013002011.png,R,A,C,2013002011,管理舞台声光效果，提供需要的灯光和音乐！,灯光／音响师,"在设计者、舞台监督或演出单位的要求下，安排好适当的灯光器材如：灯具、控制台、节光器、变压器、灯光色片夹、效果片、色纸…等。音响器材如：控制台、扩大机、双卡录音座CD座、盘带机、混音器、喇叭、麦克风、音效带、唱片，CD片……等。
依设计者所设计之作业流程分别予以调光、调音并输入电脑。
在演出时听令舞台监督、执行工作。
撰写演出后工作报告，并汇整保存色片、效果片、录音带、唱片、及CD片等。
规划管理灯光、音响及维护场地安全。
保养并修护各项器材。",art,music
https://static.104.com.tw/gtnew/img/character/bigRole/2013002016.png,R,C,A,2013002016,利用电子材料及适当工具、仪器，从事视听电子器材的装配、组合、调整及维修，使其达到理想的视听效果等工作。,视听工程类人员,"装配、组合、调整与维修视讯器材(含电视机、录放影机、影碟机、电视摄影机以及家庭电影院等)。
装配、组合、调整与维修音讯器材(含收音机、录放音机、音响、汽车音响、音碟机、卡拉OK等)。
装配、组合、调整与维修影音控制器材(含遥控器、天线、增强器、喇叭等)。
根据电子电路图、使用手册及维修手册，研判电路的故障，加以适当地诊断，使所装配或维修的视听电子设备达到应有良好效果。",physichemical,music
https://static.104.com.tw/gtnew/img/character/bigRole/2015001003.png,R,I,C,2015001003,帮人找病，运用科学仪器分析身体状况！,医事检验师,"使用针筒进行抽血。
进行医检等相关作业。
拟具报告，以供医师诊断参考。",biology,physichemical
https://static.104.com.tw/gtnew/img/character/bigRole/2015001005.png,I,S,C,2015001005,把关药物安全，跟药品有关的事情都问我！,药师,"进行药学研究发展及生药研究。
合成化学药剂，提炼生物制剂，及成品试验、鉴定及生产监督。
调剂医师处方。
分析与鉴定药物成分及公共卫生之药政业务。
参与药物管制及规章之发展。",biology,physichemical
https://static.104.com.tw/gtnew/img/character/bigRole/2015001011.png,R,I,C,2015001011,专门从事视力检查、眼镜处方、及配镜之工作人员。,验光师,"执行非医疗、手术、或药物之视力检查及眼镜处方或矫治。
配制眼镜或隐形眼镜。
执行球屈光状态之非侵入性测量及相关验光。
教导使用屈光异常光学矫正镜片。
教导使用低视力者辅助器具。
提供眼镜及视力保健常识之卫生教育。",biology,physichemical
https://static.104.com.tw/gtnew/img/character/bigRole/2015001014.png,S,R,C,2015001014,进行医疗相关事项之企划、执行报表分析及制作结果报告，管理报表等相关文件。,其他医疗人员,"执行医疗行销相关事项之企划工作。
进行医疗开发专案企划及结果分析。
协调跨单位间之沟通。
配合及促进相关医疗活动之举办。
管理报表制作及进行分析。",counseling,biology
https://static.104.com.tw/gtnew/img/character/bigRole/2015001016.png,R,I,C,2015001016,轻松看透你，找出皮肤下的病因！,医事放射师,"放射线诊断用途之一般摄影。
核子医学相关之体外检查。
放射线诊断用途之特殊摄影及造影。
放射线治疗。
核子医学诊断用途之造影及体内分析检查。
核子医学治疗。
磁振及非游离辐射诊断用途之造影。",biology,physichemical
https://static.104.com.tw/gtnew/img/character/bigRole/2015002007.png,R,I,C,2015002007,通过行政院原子能委员会认证考试及检定合格，并在放射性设备使用专业工程师监督指导下，能操作含放射性元素设备之专业技术人员。,放射性设备使用技术员,"操作、维护与检修具有放射性元素之仪器设备。
进行在医学上的医疗诊断以及临床治疗。
标示追踪生物机能。
检测与监测工业设备。
运用非核能发电的辐射能源等所需具放射性之仪器设备。",physichemical,physical
https://static.104.com.tw/gtnew/img/character/bigRole/2015002008.png,R,I,C,2015002008,从事医疗技术性设备之管理，接受医师指示从事X射线、紫外线、激光、放射性同位素，脑波、心电图、听力等之照射、注入、服务，藉以照相、检侦，发觉病灶，提供医师参考进行治疗之工作。,医疗设备控制人员,"操作X射线、紫外线、激光、放射性同位素，脑波、心电图、听力等仪器设备。
提供照相、检侦之结果，依据结果发觉病灶与医师进行治疗。",physichemical,physical
https://static.104.com.tw/gtnew/img/character/bigRole/2015002009.png,R,C,S,2015002009,在医疗机构协助病患进行各种检查流程或看诊应办事项。,其他医疗从业人员,"带病患进行医嘱所需执行的检查。
护送病患至各诊间进行相关的检查或治疗。
协助病患领药。",counseling,housekeeping
https://static.104.com.tw/gtnew/img/character/bigRole/2016001001.png,I,R,C,2016001001,研究物理领域知识，理解世界运作法则！,物理相关研究员,"研究各种物理现象，建立模型，进行理论分析模拟，并对其作出合理的解释。
使用高能粒子加速器，做粒子碰撞实验，尝试找出理论预测的基本粒子。
研究奈米科技，将原本只存在于奈米尺度下的物理现象，扩展到工业或日常生活可使用的之环境。
使用真空腔，在晶圆表面镀上整齐排列的晶格，以验证理论预测之物理性质。
研究高温超导，将目前只存在于100K以下之超导现象，提升至液态氮可冷却的温度范围。
研究弦论，将宇宙尺度与原子尺度的物理现象，以统一理论描述之。
研究非线性物理，用电脑模拟来解决数学推导无法求解的问题。",physichemical,english
https://static.104.com.tw/gtnew/img/character/bigRole/2016001002.png,I,R,C,2016001002,进行涵盖太阳系至宇宙学等各天文学重要领域之研究，包含观测技术提升、资料处理、理论分析及电脑模拟等。,天文相关研究员,"研究所有地球外之相关知识（如：天文物理学、天文化学、太空生物学）。
研究恒星的形成，做理论推导与电脑模拟，并与观测数据做比较。
研究星系结构，以解释目前观测到的星系型态。
研究宇宙背景辐射，并建立宇宙学之模型、宇宙大尺度之结构。
研究太阳系（如：行星、彗星、小行星），并了解太阳系之细部结构与物质分布。
研究宇宙中之暗物质与暗能量。
研究太空生物学，探索太阳系或其它星系是否存在外星生物。",physichemical,english
https://static.104.com.tw/gtnew/img/character/bigRole/2016001003.png,I,R,C,2016001003,从事地球大气层的理化性质及其动态变化之研究，藉以增进科学知识与发展天气预报等实际应用之研究。,气象相关研究员,"研究太阳、地面辐射之性质，及其对大气层之影响。
观测风向、风速、气压、气温、湿度及其他气象因子。
研究大气中悬浮之固态、液态微粒，以了解云雨雷电等之形成过程。
进行消雾、造雨控制试验。
分析气象报告资料，并绘制天气图。
从事天气预测与综观气象学研究。
进行航空、航海、农业等应用之研究。
研究全球或特定区域内的气候情况，分析及预报长期气象观测结果。
使用遥测技术（如：气球、火箭、人造卫星、可见光、红外线摄影、雷达及无线电）观测、分析大气状况。",physichemical,english
https://static.104.com.tw/gtnew/img/character/bigRole/2016001004.png,I,R,C,2016001004,研究化学领域知识，创造更美丽的世界！,化学相关研究员,"从事化学理论之研究。
负责化学应用、产品与工业程序之改善作业。
负责化学程序及品质管制之检验与分析。
研发化学分析方法及技术。
发展或改善制药与其他工业材料之产品及制作过程。",physichemical,english
https://static.104.com.tw/gtnew/img/character/bigRole/2016001005.png,I,R,C,2016001005,从事地球物理及地壳年代性质之研究。,地质与地球科学研究员,"从事地质、地理学理论之研究。
研究地壳组成、结构或查验岩石矿物，以探寻地球发育及生命进化过程。
应用地质学理论解决土木工程计划的相关问题。
研究及测量影响地球变动之地震、重力、电力、磁力、火山、冰河等。
研究、测量大气内之光与声的现象。
应用地震学、重力学、电波等方法，廓出石油、天然气、地下水等资源分布。
诠释研究资料，并编制地图、航海图和地质报告。
研究测量海洋与大气之物理性质及其相互关系（如：热能交换）。",math,english
https://static.104.com.tw/gtnew/img/character/bigRole/2016002010.png,I,S,E,2016002010,教导学生电脑知识和技能，培养电脑小能手！,电脑补习班老师,"规划课程内容，并准备上课所需资料（如：上课投影片、课堂或课后练习）。
协助处理招生、报名等行政事务。
依照教学进度，教导学员知识与技能（如：单机操作、线上操作或实体模拟），并解决学员的疑惑。
提供学员或家长电脑相关的设备及知识的咨询。
将学生基本资料、学习成果归档并保留记录。
协助补习班举办电脑课程相关活动。
处理例行性的工作（如：批改考试卷、检查暨维护电脑教室清洁环境及电脑设备运作）。
设计评量工具，检定学员学习成效，并透过评量结果发现学员问题并给予解答。",information,counseling
https://static.104.com.tw/gtnew/img/character/bigRole/2016002019.png,R,S,E,2016002019,帮运动员越来越好，是运动员背后的伟大帮手！,运动教练,"观察运动员活动，分析其动作及指出个人或团体缺点。
训练运动员，示范及指导克服缺点所需之技术。
研究比赛对手长处，计划并向团队经理建议比赛时之对策。
计划训练课程，辅助器材之使用，以发展并维持运动员之体能适应。
培养运动人选。",physical,scout
https://static.104.com.tw/gtnew/img/character/bigRole/2017001002.png,C,R,E,2017001002,每日工作开始时，须先至勤务办公室了解当天主管交办事项并配合办理，然后检视个人责任范围之设备、车辆能维持正常堪用。经常保持待命或处理突发事件。,消防专业人员,"进行督导检查各类场所的消防安全设备。
追踪与处理违反消防规定的案件。
操作灭火设备进行扑灭火灾。
调查与分析火灾事故原因。",physical,physichemical
https://static.104.com.tw/gtnew/img/character/bigRole/2017002005.png,E,S,C,2017002005,派驻社区大楼执行管理工作，负责范围：行政、财务、安全、设备维护、清洁环境维护等。,总干事,"召开会议并执行会议决议事项。
指挥监督所属员工推行会务与业务。
规划财务、安全、环境、设备等管理事项。
处理社区事务及负责相关人员的沟通协调。
训练、考核、奖惩所属员工。",physical,scout
https://static.104.com.tw/gtnew/img/character/bigRole/2018001001.png,R,C,I,2018001001,善用专业农作知识，专种土生土长农作物！,农艺作物栽培工作者,"决定苗圃等栽种种类与数量。
整地、播种、栽培、耕作及采收。
购买种苗、肥料、农药及其他资材。
租用、购买或维护耕地、农舍、农业设备及机器。
提供农艺及园艺作物生产代耕服务者。",biology,physical
https://static.104.com.tw/gtnew/img/character/bigRole/2018002008.png,R,A,C,2018002008,专长是拈花惹草，让植物的美呈现人们面前！,花艺／园艺人员,"进行试验研究，以改进果树、蔬菜、花卉及观赏植物等园艺作物之品种生长、开花、结果、对不同土壤与气候之适应力、收获物产量及品质等特性。
指导园艺作物之繁殖、育苗、整枝、修剪、施肥、灌溉、排水等栽培技术，并发展园艺产品之收获、储藏、加工方法。
从事庭园美化之规划设计工作，并指导庭园之管理及维护。
进行园艺作物有关之土壤肥力测定分析、植物体成分分析、肥效试验工作、天敌之培养应用、农药之检定使用管理及指导农场管理工作。
进行园艺作物之品种改良。",art,housekeeping
https://static.104.com.tw/gtnew/img/character/bigRole/2099001002.png,R,C,,2099001002,农夫一定都住在郊区吗？不！在会有越来越多居住在城市的农夫！他们善用城市的土地来耕作，带来绿意生机，让城市不再是“钢铁丛林”！,都市农夫,-,biology,physical
https://static.104.com.tw/gtnew/img/character/bigRole/2099001003.png,R,I,,2099001003,未来世界将拥有越来越多的机器人，他们都是人类的好帮手！但是当机器人生病了，我们该怎么办呢？,机器人维修师,-,physichemical,housekeeping
https://static.104.com.tw/gtnew/img/character/bigRole/2099001005.png,I,R,,2099001005,科幻电影只是想像，人工智能很可能会实现！在未来，电脑将不再一个指令一个动作，而是可以跟人们一起互动和讨论问题呢！,AI人工智能工程师,-,math,information
https://static.104.com.tw/gtnew/img/character/bigRole/2099001006.png,I,R,,2099001006,知道天冷要你多穿的衣柜、发现你体重改变的拖鞋...这不是科幻世界，当互联网连上各种物品，还有好多超乎想像的发明会出现！,物联网工程师,-,math,information
https://static.104.com.tw/gtnew/img/character/bigRole/2008003001.png,I,R,C,2008003001,研究发展食品或食材之特性、加工、保存、添加物、营养、包装等工作。,食品研发人员,"研究食品之加工、调理或配制。
在新产品制造阶段进行实验室研究。
进行食品原料搜集、分析等工作，并建立自己的数据库。
实际调整成分、作出产品，并学习、研究国内外的新知识与新技术。
确保工厂在大量制造时的品质稳定度。",physichemical,biology
https://static.104.com.tw/gtnew/img/character/bigRole/2008003003.png,I,R,C,2008003003,从事动植物品种、基因等研究，藉以增进科学知识，并发展其在生物、医学、农业等领域之实际应用。,生物科技研发人员,"利用生物特性及化学、物理知识，制造疫苗、药物、检测仪器及元件等，以进行人类或其他生物之预防、改善及治疗。
研究优良之动植物品种，以提高动植物产量并增进品质。
负责食品研发、环境改良、产值提升等工作。",physichemical,biology
https://static.104.com.tw/gtnew/img/character/bigRole/2012002003.png,R,C,I,2012002003,安装或维护电线、电缆以及电力配送系统。,建筑物电力系统维修工,"安装、维护并修理包括电力管线、电缆、电线、变压器、断路器和转换器等相关设备的电力配送和传输系统。
使用配线电路图和测试仪器，鉴定有问题之区域性设备、断路器、保险丝、稳压器、变压器、转换器、继电器或导线。
在电极、高塔、沟渠、铁塔及大楼之间连接线路，确定线路在适当的位置，并使用绞盘调整线路紧度。
定期检查设备，并在工作区外围设立路障，以符合安全规范和程序。
打开开关或连上接地装置，以避免干扰线路或掉落电线造成之危害。
在导体和接合处上放置隔热或防火材料。",physichemical,physical
https://static.104.com.tw/gtnew/img/character/bigRole/2015001001.png,I,S,R,2015001001,透过检查、诊断、治疗，维护病人的健康身体！,医师,"检查病人，并于需进一步了解病情时，施行或安排放射线检查或其他特别检验。
判断检查及检验结果，作适当之诊断及治疗。
指导病人或病家如何保持或恢复健康。
协同专家或其他专科医师进行会诊或转诊。
施行外伤急救处置。
执行药物管理业务。
保管病人病情、治疗及处方之纪录。",biology,physichemical
https://static.104.com.tw/gtnew/img/character/bigRole/2015001002.png,I,R,S,2015001002,牙齿知识的专家，让人们有健康好牙！,牙医师,"检查齿部及口腔，以决定治疗方法，必要时可应用x光或其他诊断工具。
填补蛀牙，治疗牙疾。
使用人造牙冠、牙桥及全口义齿或部分义齿修复缺牙。
根管治疗。
诊治牙周病及牙根尖周围疾患。
拔牙及作小型口腔外科手术。
应用牙科矫正方法，以矫正齿列不正。
指导病人如何注意口腔卫生，以及对公众口腔卫生问题提供建议。",biology,physichemical
https://static.104.com.tw/gtnew/img/character/bigRole/2015001006.png,I,S,C,2015001006,吃出健康人生，替大家规划适合的营养计划！,营养师,"规划与监督个人、医院、团体、及特殊部门工作者所用治疗或营养食谱作业。
参与营养教育与营养推广方案。
规划与协调营养方案，以及食品保健方案中营养问题之顾问。
调查并评估营养状况，发掘社区营养问题。
策划、执行、督导并协调社区营养改善工作。
担任社区营养保健计划之咨询与营养教育推广。
提供营养及饮食设计、食品选购、储存、装备、食品营养功能等知识。
提供餐饮供应设施有关饮食设计、餐饮设备、空间规划、生产力运作及人员训练等之咨询。",biology,physichemical
https://static.104.com.tw/gtnew/img/character/bigRole/2015001007.png,I,R,S,2015001007,具有兽医学知识，治疗大小动物们的医生！,兽医师,"注射预防及动物保健。
调剂动物用药处方。
提供动物人工受精服务。
检查家畜禽屠宰卫生。
执行其他兽医业务如兽医法业务、动物检疫、兽医病理、兽医公共卫生动物流行病学及比较医学研究等。",biology,physichemical
https://static.104.com.tw/gtnew/img/character/bigRole/2015001009.png,I,S,R,2015001009,具有中医师资格，依中国传统医学方法，从事人类疾病、伤害或精神障碍诊断及治疗。或从事以药方、手法、精神、物理、针灸等方法，为人诊断、治疗、预防各种疾病之工作。,中医师,"运用中国医学方法，藉望、闻、问、切方式配合科学新知，诊察人体各部所生之疾病，分析致病之原因。
调剂适合病人之处方，运用方药、手术、精神、物理、针灸等方法，配合使用科学仪器及药物，为患者作整体治疗。
指导养生及解脱精神郁结等方法，藉以预防疾病之发生。
指导小儿营养、发育、护理及疾病预防等方法，维护小儿之身心健康。",biology,physichemical
https://static.104.com.tw/gtnew/img/character/bigRole/2015001012.png,R,S,C,2015001012,从事复健医疗方法之工作。领有医师证书，完成完整之复健科专科医师训练，取得复健科专科医师资格，专事因骨骼、肌肉、神经或心肺脉管系统急性或慢性疾病所致各种生理残障之复健医疗工作。,复建技术师,"接受医师处方，用物理方法治疗扭伤、瘀伤、麻痹及循环或神经障碍。
借由职业、教育或康乐活动，促使体能或精神缺陷者复健。
采用按摩方法，改善循环，刺激神经，加强代谢及松弛肌腱，产生治疗效果。
检验身体病害缺陷，以决定人造义肢规格，并协助病人适应。
检查、评估及诊断各种生理残障，并监督实施各种复健医学治疗法，如物理治疗、职能治疗、语言治疗、心理治疗、义肢装具之装配及职业指导等。
接受一般或其他专科医师之咨询或会诊。",biology,physichemical
https://static.104.com.tw/gtnew/img/character/bigRole/2015001013.png,R,I,S,2015001013,完成物理治疗师专业训练，依据医师诊断，藉用物理因子，指导及实施各种疾病损伤所致功能障碍之物理治疗，以减除疼痛，增进或保持身体机能之工作。或完成职能治疗师专业训练，分析及利用职能、产业、娱乐等活动特性，应用于生理或心理功能障碍病患之评估与治疗，藉以促进及恢复其身心功能，培养适应技巧，激发潜能，并且维护健康之工作。,治疗师,"评估病患身心功能及障碍程度。
计划及实施职能治疗、产业治疗及娱乐治疗等。
从事感觉统合测验及治疗。
设计及使用指导副木、辅具及环境改装。
职能评鉴、咨询及辅导。
参与职能治疗教育、行政、研究、顾问等工作。",biology,physichemical
https://static.104.com.tw/gtnew/img/character/bigRole/2015001018.png,S,R,I,2015001018,完成职能治疗师专业训练后，借着使用“有目的性的活动”来治疗或协助生理、心理、发展障碍或社会功能上有障碍的人，使他们能获得最大的生活独立性的工作。,职能治疗师,"评估、会谈，了解案主生理、心理及社会三方面的功能。
设计活动，让案主可从中学习、练习或加强、改善各种生活技能及心态。
透过各式辅具、义肢等设备来改善或代偿案主失能部分，以确保案主生活或就业能力。",biology,physichemical
https://static.104.com.tw/gtnew/img/character/bigRole/2015001019.png,R,I,S,2015001019,运用物理仪器和技术，帮病患恢复正常的生活！,物理治疗师,"预防性教育，对一般无病症或有病症趋向的人士作出教育，纠正其错误的生活模式，防止疼痛及症状的产生(如颈背腰痛的预防教育及老人运动等)。
治疗和矫正，对已有疼痛、功能障碍及慢性病患者，尽量减轻其症状的质和量，并同时教育患者，防止症状复发或恶化。
教育和再训练，针对伤残人士，当残障无法恢复时，治疗师借着教导和训练，使患者运用其剩余的功能，在适当的辅具协助之下适应日常生活，让患者重返社会。",biology,physichemical
https://static.104.com.tw/gtnew/img/character/bigRole/2015002001.png,C,E,S,2015002001,虽非医护人员，但医院与病患需要我们维持运作！,医院行政管理人员,"以组织技术及科学方法，进行医院各项行政作业之管理与协调。
配合医疗专业，妥善运用医院或社会资源，发挥医疗效果，保障病人权益。
调查及分析医院建筑、设备、人力、财务、组织结构、业务推展、或医疗制度。",social,chinese
https://static.104.com.tw/gtnew/img/character/bigRole/2015002005.png,C,S,R,2015002005,1.具有护士资格，应用护理知识及技能，从事护理服务、协助实习指导、研究发展、管理及辅导工作，以达到减轻病人痛苦、恢复健康、预防疾病、增进健康、提高人类健康至最高标准之目的之工作人员。2.凡在医学专业人员指导监督下，从事医学、口腔、药理及动物疾病之预防与治疗；卫生及卫生状况之顾问；营养方法及食物疗法之发展及应用；医院之管理；眼睛之验光及眼镜之配置；骨科、神经及肌肉失调之治疗；医事工作检验；语言及其他障碍之医疗等技术工作之人员。,诊所助理,应用护理知识及技能，在护理师指导下从事各种工作。,counseling,biology
https://static.104.com.tw/gtnew/img/character/bigRole/2015002006.png,C,S,R,2015002006,在牙医师指导监督下，协助牙医师从事牙齿口腔疾病之预防、诊断、治疗或牙医器材设备及材料之准备等工作者。,牙医助理,"认识、操作及维修牙医器材。
协助患者做好口腔卫生及保健。",counseling,biology
https://static.104.com.tw/gtnew/img/character/bigRole/2016001011.png,I,R,C,2016001011,研究生物相关知识，发展永续的世界！,生物学专业与研究,"研究生物的起源、繁衍、功能、结构、分布、环境以及相互关系。
观察生物或细胞在自然或特殊环境中之特性与行为。
鉴定、分类及保存标本，并准备搜集品，以协助发育、演化及其他主题之研究。
应用显微镜、化学或萤光染色、电泳、流氏细胞仪、质谱仪等技术，进行生物或细胞样本研究及实验。
审核、分析、评鉴所得资料，以作研究医疗、农业及药物制造改良等用途，或协助作进一步之研究。
培养真菌、细菌、病毒等微生物，观察其自然环境、致病环境下的特性与表现行为，借此增加学术上的了解，并发展临床上的治疗。
利用肿瘤细胞株或临床病人细胞，施予药物、超音波、放射线、光动力治疗等现行临床或实验中的疗法，以评估此等疗法在细胞层级上的疗效与影响。
使用动物建立人类疾病模式，并借由解剖、动物内视镜、活体萤光、核磁共振、超音波等技术，研究人类肿瘤、烧烫伤、创伤、心血管疾病等动物模型。",biology,physichemical
https://static.104.com.tw/gtnew/img/character/bigRole/2018001002.png,R,C,I,2018001002,动物知识我略懂，养尽飞禽和走兽！,一般动物饲育工作者,"饲育动物。
生产动物综合饲养之有关产品。
决定饲养数量及购买动物。
育种及饲养家畜、家禽。
购买饲料与补给品。
租用或购买牧草地、农舍、农业机器。",biology,physical
https://static.104.com.tw/gtnew/img/character/bigRole/2018001004.png,R,C,I,2018001004,透过饲养或捕捉，感谢水中生物照顾我们三餐！,水产养殖工作者,"管理水生动植物及贩售。
研发水产饲料、人工饲料代替品。
进行潟湖及海上箱网海水鱼养殖之风险及可行性调查。",biology,physical
https://static.104.com.tw/gtnew/img/character/bigRole/2099001011.png,S,I,,2099001011,现在我们习惯生病才去医院，但未来我们可以待在家里，健康专家们就可以远端掌握我们的身体状况，并给我们健康咨询的建议！,远端健康专家,-,biology,physichemical
https://static.104.com.tw/gtnew/img/character/bigRole/2099001012.png,S,R,,2099001012,随着未来老年人口比例将越来越多，有群人将会提供最佳的陪伴与照护，帮助大家一起照顾年迈的爸爸妈妈、阿公阿嬷！,银发族健康照护,-,counseling,biology
https://static.104.com.tw/gtnew/img/character/bigRole/2004003005.png,E,I,R,2004003005,规划、管理与解决产品开发的各种问题，让产品可以顺利诞生！,产品管理师,"收集市场讯息，分析趋势，研究客户开发方向。
整合开发文件、电子规格等。
执行新产品开发专案之规划、执行、设计及发展进度掌控、成本控制及结案程序。
协助各部门及厂处推动专案之执行、管理、问题追踪及解决。
沟通协调跨部门问题。
协助产品功能、规格、品质确认与仲裁。
协调产品移转其他厂区。
执行开发阶段各项会议策划、召集、记录及进度跟催等工作。
协调新产品导入量产与上市。
发展商品销售计划与推广执行。
进行客户沟通及诉愿处理。",scout,math
https://static.104.com.tw/gtnew/img/character/bigRole/2009001003.png,I,R,C,2009001003,负责生产作业程序中人员、物料、设备之效率提升与安全管控，并建立生产线标准产能，以及控制生产计划。,工业工程师／生产线规划,"规划制程、劳工使用标准以及成本分析系统，以拔擢效率高的工作人员。
维持产线的正常运转，并掌控产线每日产出量。
与管理阶层人员商讨有关生产线采购、制程、产品规格等问题。
协助生产流程动线规划，并负责生产排线。
协助产线自动化系统的推展。
负责产线作业员之管理与发展，并安排规划产线人力。
负责生产规划及订单管理，并跟催生产进度。
分析生产线平衡率，以提供提升原料效益与产出量的建议。
监督工人使用设备，以确保其符合标准操作程序。
观察工人操作设备和执行任务，以便建立标准工时。
研究生产过程中有关机械使用时间、运转、方法和速度的问题，以建立标准的生产率和提升效能。
规划加工程序，以使工作路径最短，物料搬运最少，产品品质最优，生产效率最高。
解读工程制图、图表，或与管理阶层人员、工程人员进行商讨，以便决定品质和产品的标准。
阅读工作记录、生产加工记录和规格说明，以确认记录符合品质保证的规定。",physichemical,english
https://static.104.com.tw/gtnew/img/character/bigRole/2009001004.png,I,R,E,2009001004,协调工厂内人员、原物料与机器之配置，使生产制造发挥最大效率。,生管,"预测销售量，并拟定生产计划。
负责产销协调。
规划生产排程，并评估人力、机器设备、零件原物料之需求。
考量工人能力、机器限制、生产计划和生产进度等因素，进行适当之工作分配。
提出有关操作、原料分配、设备安排等相关的修正建议，以增加生产量或提升品质。
提出有关现存的品质或生产标准方面的修改建议，以达到最理想的产品品质。
整理分析生产记录报告，并对进度加以催查及管制。",scout,
https://static.104.com.tw/gtnew/img/character/bigRole/2009003002.png,R,C,I,2009003002,监控并提升产品品质，生产越来越好的产品！,品管／品保工程师,"建立与监控生产标准，审查初级产品的样品并进行测试，以确保成品具备应有的品质。
开发及实施产品追踪和品管系统，分析生产、品管、维护和其他操作报告，以检视生产问题。
检阅计划，并与研究、支援人员商讨，以开发新产品和程序。
执行公司产品的可靠度测试，并分析问题，以找出造成产品可靠度问题的关键因素。
提供客户或公司内部员工可靠度工程资料。
建立工作经验的知识库（包含作业流程、构想、概念等），以避免问题重复发生。
开发新产品或新的应用功能，以增加公司收益和产品价值。
开发预算及批准供应、材料和人力资源的开支，以确保材料、劳力和设备有效地使用。",physichemical,math
https://static.104.com.tw/gtnew/img/character/bigRole/2011001003.png,C,E,R,2011001003,执行采购作业流程与供应商管理，以达到低成本高品质的采购目标。,采购人员,"根据货物、商品或食材的库存量，执行订购作业。
处理货品遗失或延迟的采购问题。
进行验收作业，确认货品的品质和规格。
定期进行请款作业，并整理相关表单（如：请款单、验收单、订购单）。
建立、更新供应商资料（如：货品价格、规格和到货时间），以选择最佳供应商。",scout,housekeeping
https://static.104.com.tw/gtnew/img/character/bigRole/2011001004.png,C,E,R,2011001004,负责仓库之收发材料、出货及账务处理、货品盘点、仓库清洁维持，仓库纪录保存等工作。,仓管,"搜集、计算货物清单，并用纸笔或电脑记录资料。
以有条理且易取得的方式储存摆放仓库中的货品项目。
复查库存的货物数量与纪录是否相符，查出不一致之处并更正错误。
利用辨识标签、印花、标签工具或其他标签设备，在库存货物上做记号。
定期清洁库存、工具、设备或贮藏室，以确保符合安全规章。
检查库存货物中损坏或缺少的地方，并将损坏提报给相关负责人。
支援、指导其他贮藏室、仓库的工作人员。",physical,scout
https://static.104.com.tw/gtnew/img/character/bigRole/2011002007.png,R,I,E,2011002007,让乘客自在翱翔，安全抵达想去的远方！,飞行机师,"查验仪表工具、控制系统、载重、油量、及其他起飞前检查事项。
操作控制系统以操纵飞机之起降、滑行、飞行。
在飞行期间观察机舱各种仪表，以协助控制及查知异常状况。
使用领航设备校正航路。
观察航管安全指示。
保存飞航日记簿。",physichemical,math
https://static.104.com.tw/gtnew/img/character/bigRole/2009004005.png,R,C,I,2009004005,非具备医师资格，从事公共卫生方案研究与监督之工作。,公共卫生人员,"推广、督导、及评量国民保健教育计划。
检定保健方案影响，及个案分析。
检验环境卫生问题及提供相关咨询顾问。
改善及预防卫生品质与水、空气、食物、土壤等污染。
控制病菌及空气中有害物质，处理食物卫生，预防及矫正垃圾分类与公共场所清洁。
实地教学、讲解、及分配教材等方法，以宣导预防及矫正。",physichemical,
https://static.104.com.tw/gtnew/img/character/bigRole/2010001002.png,C,R,E,2010001002,根据生产程序，从事电子设备零件组装、机器操作、产品包装、生产线事务运作等工作。,作业员／包装员,"负责生产线机器、设备之操作，并维持机台正常运作。
进行制造现场的产品组装、检验、包装出货等作业。
与其他作业员进行协调，以符合生产及程序标准。
填写生产报表，以检视与生产目标的距离。
完成主管交办有关生产产品、程序事宜。",housekeeping,physical
https://static.104.com.tw/gtnew/img/character/bigRole/2010001020.png,R,A,C,2010001020,运用灵活的巧手，把布料变成可以用的纺织品！,车缝／裁缝类人员,在制造工厂、零售店、或其他与工厂有关场所，从事纺织品及其类似材料制品之制作、更改、补缀等手工或机器缝纫工作。,housekeeping,art
https://static.104.com.tw/gtnew/img/character/bigRole/2010001021.png,R,C,I,2010001021,从事各种乐器，如弦乐器、板乐器、膜乐器、管乐器、簧乐器等之选材、裁切、制作、装配、调音、修理、配件等工作。,乐器制造及调音技术员,"用手工具及动力工具制作、装配及修理木质、金属、皮革及其他材料之风琴零件。
用手工具及动力工具制作、装配及修理木质、纸质、塑胶、人造皮革、金属及其他材料之手风琴。
用手工具及动力工具制作、装配及修理金属管乐器。
用手工具及动力工具制作，装配及修理木质、毛毡、钢丝及其他材料之钢琴零件。
用手工具及动力工具制作、装配及修理木质、硬橡胶、金属或其他材料制造之弦乐器。
用手工具及动力工具制作、装配及修理以木材为主要材料之管乐器。
测试及调整钢琴、风琴等乐器，使产生正确音调并保持良好状态。",music,housekeeping
https://static.104.com.tw/gtnew/img/character/bigRole/2010001022.png,R,I,C,2010001022,从事珠宝及贵金属饰物之制造与修饰，包括宝石之切割、镶嵌，及金属托座之设计、镂刻等工作范围。,珠宝及贵金属技术员,"用手工打造珠宝及其他非铁质金属。
制作珠宝饰品，如项链、指环及胸针等。
宝石之切割及琢磨，并镶嵌于珠宝上。
旋转琢磨贵金属。
将文字与设计雕刻于珠宝及贵金属上。",housekeeping,art
https://static.104.com.tw/gtnew/img/character/bigRole/2010001026.png,R,C,I,2010001026,驾驶推土机械，完成建设规划造福人群！,推土机及有关设备操作员,"操作挖土机、挖铲土壤及砂石等、或铲毁建物。
操作掘沟机挖掘沟渠，放置各种管道。
操作挖泥机，以挖铲及清除水底沙泥等。
操作植桩及打桩机，将木桩、混凝土桩及钢柱锤入地层。
操作混凝土及沥青之调制及铺路机、压路机等。",physical,scout
https://static.104.com.tw/gtnew/img/character/bigRole/2010001027.png,R,C,I,2010001027,从事吊车及其他起重设备之操作及监控。,吊车／起重机及有关设备操作员,"操作装有移动式或固定式吊臂之吊车。
在建筑工地或矿场操作起重设备。
操作缆车或桥梁、水闸、巨型保险闸门等之启闭设备。
操作渡船或驳船之拖曳设备。",physical,scout
https://static.104.com.tw/gtnew/img/character/bigRole/2011002002.png,C,R,S,2011002002,从事交通运输、物流配送等工作。,运输交通专业人员,"执行货品例行运送作业。
执行指定客户货品接回作业。
负责货品运送及接回作业时之相关业务资讯搜集及回报。
整理货品配送及接回作业之各项单据，并填写相关报表。
负责所属车辆之安全保管。
执行所属车辆及设备之每日简易保养、清洁及检查作业。",physical,scout
https://static.104.com.tw/gtnew/img/character/bigRole/2013001003.png,R,A,I,2013001003,门面管理大师，设计顾客最喜欢的展示空间！,展场／橱窗布置人员,"展场设计、规划及监工。
提供主题展示间之陈列规划及视觉维护。
提供壁架商品视觉陈列。
从事橱窗陈列及维护。
从事节庆季节品视觉陈列、促销活动商品视觉陈列。
从事临时性pop制作、协助行销企划处制作宣传品。
提供顾客布置咨询或商品选购建议。
布置活动会场。
进行年度陈列计划，新柜点设计与陈列，商品展示会陈列等执行。
有效回应总公司，顾客对陈列的反应。
维护店内相关陈列之美学营运标准。",art,housekeeping
https://static.104.com.tw/gtnew/img/character/bigRole/2013001009.png,A,R,E,2013001009,抓住流行元素和创意，做出最美丽服饰！,服装／皮包／鞋类设计,"结合人因工程、素描、美学。材料特性、运用打版、缝制及其他相关技巧；搜集、分析流行情报与市场资料，针对特定对象之需要，设计服装，并表现个人的创作风格。
提出详细的设计图稿，并标明使用材料、色彩、尺寸、处理方法，及必要之图案设计。
与服装打样师充份沟通，使其顺利完成样品之制作。
必要时，得修改设计，使成品更臻完美。",art,housekeeping
https://static.104.com.tw/gtnew/img/character/bigRole/2013001012.png,A,R,C,2013001012,依据设计人员的指示，以电脑从事各式美工绘图、商业设计绘图、其他绘图等工作。,电脑绘图人员,"进行图片、相片的修整、加工及美化工作。
设计、绘制平面或电子广告图稿与文案图稿。
设计产品包装的整体视觉效果。
处理3D绘图的建模与上色工作。
提供美工绘图设计方面的咨询服务。
建立并维护客户输出资料的档案管理。
了解并处理客户的需求及抱怨。",art,information
https://static.104.com.tw/gtnew/img/character/bigRole/2013001014.png,A,I,R,2013001014,用创意和双手，设计美丽独特的织品！,织品设计,"收集需求市场之流行资料，经分析整理后，依各种自然、人造等纺织纤维之物理、化学特性，配合色彩艺术及织造技巧，针对不同终点用途进行产品设计企划。
提出详细的设计图稿，并标明使用纱材、色彩、规格及处理方法，利用打样机织出小样。
与买主沟通或透过主客观之修正后，利用所需织造机器大量织造，并配合染整及印花等后加工处理技术，完成最后成品。",art,housekeeping
https://static.104.com.tw/gtnew/img/character/bigRole/2016002009.png,S,E,I,2016002009,从事教授、辅导学生专业课程，编写讲义、教材及考卷等工作。,升学补习班老师,"讲授课程。
统合各版本教科书和参考教材，以制作教具、编写上课教材、讲义及模拟试题。
搜集历届考题，留意社会时事，以掌握考题趋势。
扮演生活导师，协助解决学生课业上及生活上的困扰。",counseling,
https://static.104.com.tw/gtnew/img/character/bigRole/2099001010.png,R,A,,2099001010,我们有时会将照片或设计图，印成海报、班服或马克杯，但你有想过其实还可以印出立体的公仔、房子甚至一颗心脏吗？,3D打印专家,-,art,information
https://static.104.com.tw/gtnew/img/character/bigRole/2006003005.png,R,S,C,2006003005,搭配精油与手技，要让顾客神采奕奕！,美疗／芳疗师,"提供各部位美容、美体、精油芳疗技术服务。
提供课程及产品销售服务。
提供美容保养、精油芳疗、压力抒解及养生保健等知识传达。
维护店内客人良好关系。
推广店内各项活动。
关怀客人施术后的状况，并做好售后服务的责任。",housekeeping,biology
https://static.104.com.tw/gtnew/img/character/bigRole/2005002005.png,R,C,S,2005002005,替顾客结账或买卖票券，银货两讫完成交易！,售票／收银人员,"输入商品价格于柜台的收银机或销售时点系统，以进行现金、信用卡、电子现金卡、储值卡、礼券、折价券、提货券等收费。
开立统一发票交付顾客。
开关收银机、电脑终端机。
清点收银机金额。
分类各种收费清单、交易凭证。
缴交账目予出纳人员。",social,scout
https://static.104.com.tw/gtnew/img/character/bigRole/2006001002.png,R,C,A,2006001002,烹调中式八大菜系的料理，让人食指大动！,中餐厨师,"准备食材并烹调菜肴。
掌控菜肴的摆盘与出菜的顺序。
进行厨房内的卫生管理工作。
与同事或经营者共同讨论菜色与菜单。
负责研发新菜色。
计算食材进货的数量，并进行成本之控管。
进行食材之采买。",housekeeping,art
https://static.104.com.tw/gtnew/img/character/bigRole/2006001003.png,R,C,A,2006001003,烹饪各种西式餐点，好吃西方料理在这里！,西餐厨师,"提供正规西菜料理，包括餐前汤、前菜、主菜、餐后甜品及饮品等。
准备于营业时间内的点菜或宴会所需菜肴。
协助主厨设计所负责各自类别的菜单。
确保所负责类别的食品均符合卫生管理的规定。
维持与确保冷冻库及其他地区的卫生及清洁标准。
保持烹饪材料的适当存量。
控制出菜量以维持食品成本。
配合餐厅外场的菜肴需要和出菜时间。
保持高度清洁。
执行安全与卫生的检查。
参加定期或不定期的在职训练。",housekeeping,art
https://static.104.com.tw/gtnew/img/character/bigRole/2006001005.png,R,A,C,2006001005,制作各种面包。,面包师,"排定工作作业程序。
计算各种原料配方之用量及设定适当搅拌温度。
称量原料以机械混合或搅拌成团(糊)。
执行发酵、压延、分割、整形、包馅、烤焙等工作。
控制发酵箱温度、湿度，检查发酵程度。
调整压延机之滚轮间隙与转速。
调整面团分割机及面团重量与操作速度。
调整面团发酵控制设备之温度、湿度与时间。
控制烤炉、蒸锅、油炸糟之温度状态，检查加热程度。
移出制品于加热设备中，使其冷却。
执行成品之切片、包装、输送等工作。",housekeeping,art
https://static.104.com.tw/gtnew/img/character/bigRole/2006001006.png,R,A,C,2006001006,做出美味蛋糕和点心，让吃的人感受幸福！,西点／蛋糕师,"制造蛋糕及其他西式点心。
检视与选用所需原材料。
添加奶油、水果等夹心，或使用糖霜装饰蛋糕或西点之表面。
调配香料或食品添加物。",housekeeping,art
https://static.104.com.tw/gtnew/img/character/bigRole/2006001008.png,R,C,A,2006001008,担任厨师之助手，处理烹饪前与烹饪中之准备工作与其它餐厅相关事务。,餐厨助手,"负责洗、剥、削、切各种食材，以完成烹饪的前置工作。
协助厨师测量食材的容量与重量。
依照客人的点单，准备不同菜色所需要的食材。
于出菜时负责菜肴摆盘或调整分量之工作。
协助打包外带的食物，必要时进行外送的服务。
将洗好的餐盘收到储藏柜内，并在即将使用前预先加热。
负责前台与后台之讯息传递，随时回报后台的出菜进度给餐厅经理。
负责清理工作环境、设备及餐具。",housekeeping,art
https://static.104.com.tw/gtnew/img/character/bigRole/2006001011.png,R,C,A,2006001011,进行日式餐点的烹调、料理及菜肴色香味之品质掌控。,日式厨师,"设计日式料理菜单。
采购及准备日式食材。
掌控菜肴的出菜品质与顺序。
进行厨房内卫生管理工作。
更新与研发日式料理菜单。",housekeeping,art
https://static.104.com.tw/gtnew/img/character/bigRole/2012002006.png,R,C,I,2012002006,运用巧手，安装或打造各类的木材质物品！,木工,"建筑物内外木制附件如门、窗、墙板等安装。
制造、修理及安装舞台、影视摄影场木制布景。
制作、装置及修理火车、客车、飞机、船、筏及其他交通工具木质制件。
在工作台上从事木质零件切割、成形、安装及组合。",housekeeping,art
https://static.104.com.tw/gtnew/img/character/bigRole/2012002008.png,R,C,I,2012002008,使用油漆或壁纸，修缮墙面及装饰品的美观！,油漆工,"清洁及准备建筑物墙壁及其他表面，以供油漆或裱贴。
涂刷建筑物表面及其装设物油漆、光油等。
裱装壁纸及壁布于建筑物内壁、天花板。
涂刷船壳、桥体及其他金属结构油漆及沥青浆。",housekeeping,art
https://static.104.com.tw/gtnew/img/character/bigRole/2013002010.png,R,A,C,2013002010,规划、拍摄与后制，是影片产出的重要推手！,影片制作技术人员,"非线性影片后制作业。
从事影片拍摄作业。
从事录影前置作业，如制作课程字幕卡，课程投影片。
从事教室现场录影，包括录制老师上课内容，并Live同步转播。
从事摄影棚录影，包括操作摄影机，及多媒体软件。
独立剪辑各类型之工商影片。",art,information
https://static.104.com.tw/gtnew/img/character/bigRole/2013002012.png,A,R,C,2013002012,用镜头捕捉美丽画面，包括静态或动态！,摄影师,"执行人像、商业及工业之摄影，电影及电视之拍摄，航空及其他有关之摄影工作等。
执行广播台、电视台及电影之录音、录影。
安装唱片及数位影碟之录音，影片配音、音效、舞台、音乐厅音响设备等。
应用声影存录知识及实务经验，解决工作困难。",art,physical
https://static.104.com.tw/gtnew/img/character/bigRole/2013002015.png,R,A,C,2013002015,从旁协助摄影师拍摄，并学习更好的摄影技能！,摄影助理,"协助摄影师执行摄影工作。
勘景。
维护摄影器材。",scout,music
https://static.104.com.tw/gtnew/img/character/bigRole/2017002001.png,R,E,C,2017002001,定时巡逻和守卫，安全的第一道防线！,保全人员／警卫,"巡逻建筑物与周遭环境，留意可疑线索，确保门窗安全。
回应警报器并且调查引起警铃的原因。
保护被保全之人或物的安全。
由监视器画面监看出入份子，以确保建筑物安全。
提供客户全方位的大楼综合管理服务，如：收发信件。
保护所运送之贵重物品或金钱安全抵达目的地。",physical,scout
https://static.104.com.tw/gtnew/img/character/bigRole/2006003008.png,A,R,S,2006003008,协助美容师、美容保养、体雕瘦身、仪器等操作等。,美容类助理,"协助美容师实行彩妆、脸部保养。
销售相关美容产品。
负责服务客人美体疗程。
芳香疗法、经络淋巴舒压。
协助美容师、美容保养、体雕瘦身、仪器等操作等。
提供美容设施顾客接待服务。
提供美容咨询服务。
提供化妆品专柜服务。",housekeeping,art
https://static.104.com.tw/gtnew/img/character/bigRole/2006003009.png,A,R,S,2006003009,协助美发设计师，一起替顾客打造美丽发型！,美发类助理,"接待顾客、为顾客准备茶水、点心与书报杂志。
执行洗发、护发、头皮护理、纾压按摩等工作。
协助设计师执行修发、染发、烫发、发型吹整、彩妆及整体造型设计等工作。
完成设计师交办工作，准备材料和工具。
接听电话，确认顾客预约时间及服务项目。
清洗器材、设备及整体环境清洁。",housekeeping,
https://static.104.com.tw/gtnew/img/character/bigRole/2006001001.png,R,C,S,2006001001,服务第一线，让大家享受美好飨宴！,餐饮服务生,"负责跑单、摆盘、送餐及联系内外场之工作。
负责客人带位、倒水、点餐等工作。
于客人用餐完毕后，负责收拾碗盘与清理环境。
进行简易餐饮之料理，如：烤土司或调配饮料等。
负责结账、收银之工作。
负责全店的打扫与清理，时而进行环境布置。",housekeeping,scout
https://static.104.com.tw/gtnew/img/character/bigRole/2006002003.png,S,C,R,2006002003,让入住饭店的旅客，感受舒适及尊荣！,饭店工作人员,"处理房间安排事宜，如：订房、排房、进房、退房等。
处理账务，如：收款、核帐、查账等。
负责转接电话并且为客人留言。
提供当地旅游咨询，并协助安排旅行计划、交通工具租用、接送等事宜。
接待客人，并提供相关服务（如：行李运送、车辆引导、泊车、开正门）。
负责客房内清洁整理、倒垃圾、换床单、铺床，以及各楼层公共区域之清洁维护。
负责顾客资料之输入与维护。
设计并布置饭店空间。",housekeeping,scout
https://static.104.com.tw/gtnew/img/character/bigRole/2006002004.png,S,R,C,2006002004,为机上乘客提供各项服务，天上飞的服务人生！,空服员,"迎接乘客登机并领座。
查看乘客，确保在飞机起降时完成系牢安全带及遵照不吸烟之规定。确定行李箱牢固的关上
分送阅读刊物，答复有关飞机航线及行程时闲等问题，并介绍航程中所经之主要城市或地方。
调配并准备食物及饮料，并侍应餐饮。
保持机舱整洁及设备之完好。
提供简单医疗服务予不适旅客，必要时并供予适当药物。
解释飞机上救生带及氧气罩等安全设备之用法，并在紧急状况下依照安全程序规定协助旅客疏散。",english,housekeeping
https://static.104.com.tw/gtnew/img/character/bigRole/2006002005.png,C,S,R,2006002005,想顺利搭乘飞机吗？你需要我的帮助！,地勤人员,"接受旅客查询、现场购票及特殊服务通知，如特别餐饮，婴儿座位等。
办理柜台报到手续，含划位及交付登机证。
检收托运行李。
处理登机室相关服务事宜。
处理贵宾室相关接待事宜。
处理飞机延误起飞之服务事宜。",social,scout
https://static.104.com.tw/gtnew/img/character/bigRole/2011002003.png,C,R,S,2011002003,将货物送到客户手中，也把快乐带到他们心中！,外务／快递／送货,"盘点仓库并进行货物配送。
装卸货物，并妥善打包。
整理、盘点、记录所有进出货。
整理出货单与打单。
负责巡补货，并将商品配送给固定客户。
进行宅配服务或邮件配送。
负责货款之回收。
负责区域客户开发、客户关系维护、市场资讯或顾客意见搜集。",physical,scout
https://static.104.com.tw/gtnew/img/character/bigRole/2011002005.png,R,C,S,2011002005,驾驶小客车或小货车接送客人或运送货品。,小客车／计程车及小货车司机,"驾驶出租小客车、豪华小客车、公司汽车或私有车辆运送乘客。
协助乘客上下车、提行李。
计算乘车金额、收钱、找钱。
为乘客提供当地讯息的资讯，如：饭店、餐厅、交通等的建议。
定期检修车辆。
发生交通事故时作事故报告。",physical,scout
https://static.104.com.tw/gtnew/img/character/bigRole/2011002006.png,R,C,I,2011002006,驾驶大客车，载送乘客或物品安全抵达目的地！,大货车及其他类司机,"驾驶大货车或其他重型大车，将货品、原料或乘客运送至目的地。
装卸货品，并固定货品，确保运送过程安全。
交付货物并进行签收。
定期检修车辆。
发生交通事故时作事故报告。",physical,scout
https://static.104.com.tw/gtnew/img/character/bigRole/2011002009.png,R,C,I,2011002009,管理仓库与物流，纪录货物在仓库的进出！,仓储物流人员,"验收物流货物、清点盘存作业。
从事物流货物、重整、包装作业。
执行作业区环境整理、清洁维护作业。
进行商品入仓、交期、送货、调度安排等相关工作。
建置物流作业管控点及制定相关之管理报表。
进行零售商品库存管理及售后服务调查。
配合业务需求，适时调整物流及仓库相关作业。
为后勤系统与零售体系间沟通运作之窗口。
制作及管理客户订单报表。
规划配送路线。",physical,
https://static.104.com.tw/gtnew/img/character/bigRole/2015001004.png,S,C,R,2015001004,执行与辅助各种医疗处置，照顾病患恢复健康身体！,护理师及护士,"提供基本的病患基础医药照顾，如：包扎伤口、换药等。
测量并且记录病患的生理状态（如：身高、体重、体温、血压、脉搏和呼吸）、进食量、排便状况等。
进行静脉注射、肌肉注射、打点滴，观察记录患者给药之后的状况并加以回报。
观察、记录并回报病人在接受医疗后状态的改变，特别是一些不寻常的症状反应，必要时采取救护措施。
接听病患求助电话，并且提供协助。
协助病患保持个人卫生、更衣、移动、站立或行走。
评估护理情形，在必要时与医生会诊。
指导病患居家自我疗护，如：解释医嘱、术前术后卫教，并且提供相关咨询。
与病人及其家属建立良好之人际关系，以减少不必要的误会纠纷。
督导其他护士及助理的护理工作。",counseling,biology
https://static.104.com.tw/gtnew/img/character/bigRole/2015001021.png,S,C,R,2015001021,主要工作为协助医生处理病人事务，包括住院病人的纪录、评估及提供家属病情的说明；并实行医生交待的事务。,专科护理师,"住院病人身体理学检查之初步评估及病情询问。
记录住院病人病情及各项检查、检验结果。
处理住院病人及其家属医学咨询及病情说明。
在医嘱及医师指示下，得开立检验、检查申请单。
在医嘱及医师指示下，得开立领药单。",counseling,biology
https://static.104.com.tw/gtnew/img/character/bigRole/2015002002.png,S,R,C,2015002002,护理师与家人的帮手，协助病人完成日常生活！ ,照顾服务员,"为病患翻身、捶背、擦拭身体、更衣、扶持上下床及散步等等。
照顾病患饮食、服药及打点滴等等。
整理病床、送洗病患衣物。
代办相关手续。
代购所需用品。",counseling,housekeeping
https://static.104.com.tw/gtnew/img/character/bigRole/2018002013.png,C,R,S,2018002013,提供一般家庭清扫、膳食调理、衣物整理、简易收纳、购物、或小孩接送、长者陪诊及陪伴等服务。,家事服务人员,"家庭清洁管理服务。
基本炊事调理。
洗烫衣服务及收纳。
提供时段性的家庭人员照料，例如幼儿接送照顾、老人陪伴等服务。",physical,housekeeping
https://static.104.com.tw/gtnew/img/character/bigRole/2018002014.png,R,C,A,2018002014,为客户提供适当的汽车外观与内装之清洁保养与修复，以及基本的安全性检查。,汽车美容人员,"针对顾客对汽车的美化要求，做出相应的、恰当的汽车美容修护提案。
汽车车身外观的清洗、打蜡、抛光、封釉、镀膜。
汽车内部的吸尘打扫、除臭杀菌和皮革保养。
车辆铝圈 、钢圈的清洗维护以及轮胎清洁与上油。
车辆施工前后检查与车内配备及物品核对确认。
例行的机械维修与保养服务并查看保养资料卡。",physical,housekeeping
https://static.104.com.tw/gtnew/img/character/bigRole/2017001001.png,R,C,E,2017001001,接受专业军事训练，保家卫国重担扛肩上！,志愿役军官／士官／士兵,-,physical,scout
https://static.104.com.tw/gtnew/img/character/bigRole/2017001003.png,R,C,E,2017001003,面对火警或临时灾难，抢救人民生命安全！,消防员,"操作灭火设备进行扑灭火灾。
抢救于火灾、地震、台风、交通事故及其他事故等罹灾民众。
适当的急救罹灾民众、紧急病患，以维护生命。
维护公共安全与确保民众生命及财产。
减轻火灾、水灾、地震等灾害所带来的损害。",physical,scout
https://static.104.com.tw/gtnew/img/character/bigRole/2017001099.png,R,C,E,2017001099,依据法律维护社会安宁，正义的执法者！,警察,-,physical,scout
https://static.104.com.tw/gtnew/img/character/bigRole/2012002004.png,R,C,I,2012002004,从事墙壁、隔间、地基、壁炉、烟囱、锅灶等砖石结构之吊线、砌积，平台、步道、边石及人行石道等之铺设，以及其他土木结构之构建及修缮等工作。,砌砖工及砌石工,"查看施工图说，求得正确尺寸要求。
浸湿砖块，正确地放样，立皮数杆及水线。
用水泥砂浆镘涂于砖块上，并按设计图与形状依序铺砌。
用砖凿敲打所需砖块，保持砖面整齐，并以砖镂尾部木头轻敲砖块，并促其粘著平整。
在作业进行中用水平器及锤球检查砖构造。
用勾缝镘勾出水平垂直缝。
查看施工图说、尺寸要求石材等。
选择石材用石凿、锯等工具予以剪材。
用曲尺、墨斗、放样、立皮数杆后进行叠砌。
用镘刀铺砌水泥砂浆于基础或叠石上。
以手工或吊车机具将笨重石材置于砂浆层上，并用胶锤短枕或木槌校正其位置。
用水平器锤球校正结构。
在石缝内填浆，并用勾缝镘勾缝。",housekeeping,art
https://static.104.com.tw/gtnew/img/character/bigRole/2012002005.png,R,C,I,2012002005,从事钢筋混凝土结构之构建及修缮，水泥制成材料之场铸、安装、组合及衔接，钢筋混凝土中钢筋之绑扎处理，以及加敷磨石子面。,混凝土工,"构建及修理钢筋水泥地板、墙壁、水池、地窖及其他混凝土结构。
安装及组合模板，以为混凝土灌注模形之用。
修整并粉平混凝土表面。
用水泥、砂石颜料及大理石等混凝成地板，如磨石子地。",housekeeping,art
https://static.104.com.tw/gtnew/img/character/bigRole/2012002007.png,R,C,I,2012002007,运用石灰和水泥砂浆，涂抹修饰墙面平整！,泥水工,"用镘刀涂布第一层灰泥于表面，并将其填平。
刮划表面以备粘结第二层，并沿表面边线打灰泥界条用作第二层指引。
在界条内涂布第二层灰泥，并用板尺盖平及用刮刀刮光。
均匀薄施灰泥面料于第二层上，粉光表面并修饰隅角。
从事建筑物内外部墁饰工作。",housekeeping,art
https://static.104.com.tw/gtnew/img/character/bigRole/2012002014.png,R,C,I,2012002014,针对各类建筑工程进行防水评估与执行防水修缮工程。,防水施工人员,"进行各类建筑物漏水评估。
玻璃帷幕墙、各种外墙、特殊防水施工。
水管测漏、各种疑难杂症之漏水工程责任施工。
新建防水工程、全面翻修防水修缮工程。
PU屋顶防水、浴室、水塔、特殊防水材防水施工。 ",physical,scout
https://static.104.com.tw/gtnew/img/character/bigRole/2018001003.png,R,C,I,2018001003,从事林木砍伐、造材、集材、运材、贮木等工作。,林木伐运工作者,"就指定地点进行林木砍伐。
将砍伐之木材集中并进行搬运至特定地点。",biology,physical
https://static.104.com.tw/gtnew/img/character/bigRole/2003002008.png,I,E,C,2003002008,运用统计分析数据，帮助预测企业未来！,统计精算人员,"定期计算、分析与提供市场风险值与风险资本额报告，提供管理者作决策之依据，以达成控制或降低风险资本额与市场风险值部位。
分析定期投资收益率、死亡率、罹病率、费用率、保单持续率及经验率，决定精算假设，以做为商品定价、准备金适足性、风险资本、内含价值及新契约价值的评估依据。
进行公司财务预测（如：获利预测、差异分析）。
进行公司价值评估（如：价值分析、衡量公司新契约销售的绩效表现、内含价值的市价衡量）。
负责商品设计研发、成本利润分析、保单送审、商品上市作业及保全相关数理支援。
协助投资部门订定适当的资产配置，使风险、报酬、资本需求达到最佳平衡。
负责责任准备金的提存及准备金充足性的测试。
衡量并监控资本适足比率之水准。
评估新投资计划的风险。
负责签证精算备忘录（如：保费收入充足性测试）。
负责资产负债分析并提供资产负债相关建议及策略。
提供寿险公会及保险局定期保单异动及新契约统计分析。
进行分红保单年度红利宣告及利率变动型年金保单每月宣告利率。
负责再保险安排（如：风险评估、自留额订定、合约洽谈、新产品定价支援及有效契约维护）。",math,english
https://static.104.com.tw/gtnew/img/character/bigRole/2013001004.png,A,I,R,2013001004,要制作好看的动画，画面和音乐缺一不可！,多媒体动画设计师,"运用电脑设备，设计复杂图画与动画。
手绘草图，再透过电脑扫描、编辑、上色、加上材质或形成动画。
使用电脑动画软件，借由操控光线、颜色、材质、阴影与透明度等，让静态影像产生动作的感觉，产出2D与3D影像。
合成、排版、扫描与制造数码相机摄成的影像或电影底片与冲印样张。
产生能表现动画流程的分镜脚本，并找出主要场景与角色。
使用电脑软件与手绘技巧编写剧本、计划，并设计旁白。
为产品侧标、动画、直效行销信件或电视影片等设计基本的图样与影像。
制作手册、多媒体简报、网页、图稿与电脑美工成品等，以作为产品、技术手册、参考文件、新闻信函或影片等内容的基本素材。",art,information
https://static.104.com.tw/gtnew/img/character/bigRole/2016001006.png,I,R,C,2016001006,研究数学领域知识，用数字回答问题！,数学研究员,"研究逻辑代数、几何、分析、数论、几率及其他数学支派之基本理论。
进行实验以发现数学原理、方法之新用途。
发展及改进数学方法，以应用于科学研究、工程设计、军事规划、电子资料处理及管理决策等领域。
运用数学原理及方法，解决物理、化学、生命科学、太空科学、工程科学及企业管理等领域之问题。",math,english
https://static.104.com.tw/gtnew/img/character/bigRole/2016001007.png,I,R,C,2016001007,从事统计研究与调查工作，藉以创新、改进统计方法，或提供调查结果与建议。,统计学研究员,"研究基本统计学理之数学理论及证法，以创新或改进数值资料。
针对特殊用途之统计方法，提供应用可能性及效率之意见。
规划及主持各项统计调查（如：抽样调查）。
规划各项资料（如：调查资料）之处理程序，制作各种表格并指导运算工作。
整理、检视、分析资料，并撰写结果报告。
撰写有关调查方法、设计、执行及调查结果之报告。",math,information
https://static.104.com.tw/gtnew/img/character/bigRole/2099001004.png,I,R,,2099001004,我们总是担心能源不够用，或是会破坏地球环境。所幸总有一群人，用自己的专业改善人类使用能源的方法，誓言为环境把关，照顾地球妈妈的健康！,绿能低碳工程师,-,physichemical,math
https://static.104.com.tw/gtnew/img/character/bigRole/2099001007.png,A,I,,2099001007,还用电脑手机玩游戏和聊天？太落伍啦！在未来，我们将在虚拟世界中跟任何人面对面说话和互动！,虚拟现实体验设计师,-,art,information
https://static.104.com.tw/gtnew/img/character/bigRole/2004002002.png,E,I,R,2004002002,设计、生产到行销，从头到尾打造新产品！,产品企划开发人员,"进行商品管理、规划、设计、推广及开发协调。
制定新产品规格，评估开发的可行性，进行导入并控管时程。
进行商品市场资料分析与商品定位，发展产品行销策略，并进行价格策略的制定。
执行市场与产品趋势调查，提供研发部门做为新产品开发的参考。
进行通路推广，统筹产品行销活动、文宣制作与客户说明会之规划。
整理、分析并建立商品资料档。",scout,
https://static.104.com.tw/gtnew/img/character/bigRole/2013001002.png,A,I,R,2013001002,设计广告来宣传，让更多人知道产品或议题！,广告设计,"对受委托之任务进行沟通。
选择适当之传播媒体。
对广告预算与效果进行评估。
设计美观或动人的造形与画面，并指定制作方法。
交付制作或执行。",art,housekeeping
https://static.104.com.tw/gtnew/img/character/bigRole/2013001005.png,A,R,I,2013001005,设计产品外观，让顾客有最佳第一印象！,平面设计／美编人员,"设计制作平面文宣、海报和DM。
规划商品包装的设计理念，并进行提案。
修改并执行其设计理念。
设计公司整体CI（企业形象识别）。
进行期刊书籍的图文编辑。
进行图稿、文案的排版设计。
与印刷厂联络，进行估价、打样之事宜。
将图稿交由印刷厂印刷排版。
进行完稿的后置裁切工作。",art,housekeeping
https://static.104.com.tw/gtnew/img/character/bigRole/2013001006.png,A,I,C,2013001006,写程式还要画画，做出好用又美观的网页！,网页设计师,"设计与制作公司形象规范、网站视觉风格。
使用各种软件制作专案网页。
与业务、企划、程式设计等相关人员配合，协同执行专案。
规划与掌控专案时程及成本。
设计电子报与用户端互动平台，并进行维护。
协助产品企划、文案编辑、行销文件等之规划。
负责网页程式的开发设计与修正更新。
协调其他网页设计师，进行网站链接设计之相关事项。
负责网站更新与管理。
发想新的思维与创意，并应用于作品中。",art,information
https://static.104.com.tw/gtnew/img/character/bigRole/2013001007.png,A,I,R,2013001007,设计和创作美术作品，提供客户各种用途！,美术设计,"开发图形、产品插图及公司标识。
设计网站版面的编排。
负责3D游戏内容制作，包含场景制作、片头动画、草案绘图、界面制作等。
利用电脑绘图创造新的设计概念，并决定尺寸与所需材质。
检视最后的版面编排，并且提出建议。
负责排版和输出作业。
解说图档及草图，与客户及主管讨论，并作必须的调整。",art,social
https://static.104.com.tw/gtnew/img/character/bigRole/2013001008.png,A,I,R,2013001008,从事商业宣传、产品包装、展示场、广告文宣等设计工作，以强化商品的视觉形象。,商业设计,"将设计概念具体化，成为插图或是商品包装等。
调整产品的设计外观及实际功能。
与生产线上其他同事（如：工程师、市调师、制程部门、销售等），共同评估产品概念和生产细部内容及可行性。
深入了解生产材料和生产的方法，并且估计精确的生产成本。
规划企业视觉形象与视觉创意策略。",art,housekeeping
https://static.104.com.tw/gtnew/img/character/bigRole/2013001011.png,A,I,R,2013001011,设计适合产品，且抓住人们目光的商品包装！,包装设计,"针对所选定之产品性能与特性，选择适当包装表现方式。
依据所选定之包装方式，研究包装材料性质、加工技术、生产方法及制造成本等因素。
分析消费者对于造型、图案、色彩、材料及价格之选择倾向。
研判各种构思之可行性，并经检讨修正作成定案。
绘制精确工作图制程模型，经由各项强度功能测试，做最后修正。
交付量产。",art,housekeeping
https://static.104.com.tw/gtnew/img/character/bigRole/2016001009.png,I,S,C,2016001009,根据哲学思想、史实、抽象学、伦理学等，从事社会发展、经济结构、文化及政治规范之研究，并将其应用在政冶、外交或其他有关政策等工作。,哲学／历史／政治相关研究人员,"研究世界人类行为经验、存在事情原则及方法，翻译或发展哲学观念与理论。
检查过去事件记录资料之确实性，研究某特定时间或国家之历史及事例。
研究过去与现在政治制度、规范或行为理论。
观察当代政治规范及实务作业，并由采访政府、政党领袖或其他人物等搜集各种资料来源，并将发现及结论发表出版或提供给政府，政党领袖或其他相关人员应用。",social,chinese
https://static.104.com.tw/gtnew/img/character/bigRole/2001002002.png,E,S,C,2001002002,负责招募与甄选、训练与发展、薪酬福利、员工关系、绩效评估等工作。,人力资源人员,"维护企业内部人力资源之相关纪录（如：员工个人基本资料、工作说明书、职务轮调纪录、出缺勤纪录与绩效评核纪录等）。
规划与执行人员招募、甄选与任用，以解决公司的人力需求问题。
设计、管理与执行公司的绩效管理系统，并运用绩效评核结果，提供管理上决策之参考（如：调薪、奖金、红利、升迁、调动、留任、资遣或对员工贡献予以表扬等）。
规划人力运用的预算，建立与维持公司的薪酬系统与工作规则、管理员工福利制度与退休金方案，并提供人事管理报表（如：工时规划、出勤管理等）。
规划公司的训练发展体系，进行训练与发展之需求分析、规划、执行与成效评估。
进行工作分析，作为日后部门进行职务盘点、职务分配、人力配置、部门职掌及职务说明书建立时的参考依据。
规划、指导与协调所有与员工相关的问题（如：雇用契约、薪酬、劳动相关法令、员工关系等），并主动针对需改进的政策提出建议，以达成最佳的管理成效。",counseling,
https://static.104.com.tw/gtnew/img/character/bigRole/2004001010.png,I,E,C,2004001010,负责市场情报搜集与资料分析，执行各类调查研究专案，并产出分析建议报告提供行销企划人员或经营管理阶层参考运用。,市场调查／市场分析,"规划并执行各类研究调查专案（如：电话访问、邮寄问卷、街访、家户访问、线上调查、焦点座谈会、深度访谈等）。
管控问卷资料的品质，包括访员训练、复核问卷、侧听及辅导等管理工作。
进行调查数据的汇整、除错，分析调查数据与绘制统计图表，并撰写分析建议报告。
收集及分析市场情报（如：消费者的人口特性、偏好、需求与购买习惯，以及竞争者的品牌形象、价格、产品、通路及行销方案等）。
分析企业统计数据（如：营业额、销售量、客户数等，预测与追踪市场和销售的趋势）。",math,information
https://static.104.com.tw/gtnew/img/character/bigRole/2016001010.png,S,I,C,2016001010,研究人类心理和行为，打造友善世界！,心理学研究人员,"阅读并整理相关文献。
撰写研究报告或论文。
设计实验程序或测量工具以研究影响人类心理历程的因素。
编制性向、心智能力、以及兴趣等测验，收集资料建立常模并适时修订之。
对所关心之研究资料进行质化或量化的分析。",counseling,english
https://static.104.com.tw/gtnew/img/character/bigRole/2004001007.png,E,I,S,2004001007,善用网站行销活动，让更多人喜欢我的网站！,网站行销企划,"负责网站前后台功能及整体动线的企划、执行与维护。
规划网络内容、服务及活动，并定期更新、维护及管理。
负责网站内容招募、提案与执行。
负责电子报、EDM及各种宣传文案的设计、制作与发送。
进行网络行销及服务的成效追踪。
控管网站内容品质。
对外洽谈异业结盟行销合作案。",chinese,social
https://static.104.com.tw/gtnew/img/character/bigRole/2099001013.png,E,I,S,2099001013,现在我们要看展览常要到特定的地方，例如到埃及博物馆去看木乃伊特展。但未来会有更多在网络上的“数位策展”，不用出门就可以看尽天下展览！,数位策展人员,-,chinese,scout
https://static.104.com.tw/gtnew/img/character/bigRole/2015001023.png,S,I,A,2015001023,疗愈与整合人们身心问题，并找到自己人生的意义！,心理师,"证照资格：具备咨商或临床心理师国家证照。
工作场域：在医疗、心理治疗/咨商所、学校、企业、社福/卫生机构与相关公部门…等单位。
工作目标：评估当事人心理健康状态，并进行心理咨商与治疗工作，提升民众心理健康。",counseling,biology
https://static.104.com.tw/gtnew/img/character/bigRole/2016001008.png,I,S,C,2016001008,从事社会现象研究，及人类行为之起源、进化、发展、生活方式，与社会关系为课题之工作。,社会／人类学研究人员,"从事人类社会起源、演进、结构、形态、组织及相互关系之研究。
借由文化、社会规范、过去遗迹、住处、祠庙、陶器、工具等追踪人类起源与社会发展。
从事各地区物质及天候现象研究，并寻求其与当地经济、社会、文化活动关联。
应用研究结果于经济构成、人口团体及地区之社会政策。",social,chinese
https://static.104.com.tw/gtnew/img/character/bigRole/2003002011.png,I,E,C,2003002011,评估顾客还钱能力，确保借出的钱可以回收！,融资／信用业务人员,"负责法人客户的开发与维护。
撰写企业授信、财务评估及产业分析等风险审查报告。
负责贷款申请案件的征信审核。
执行贷款担保品鉴价。
执行担保类贷款复审。
负责贷款产品的解说、推广及业务开发。
负责贷款案件的申请作业联系及办理。
进行签约对保。
协助延滞案件之初步催收。
提供贷款相关的咨询服务。",math,english
https://static.104.com.tw/gtnew/img/character/bigRole/2016002002.png,I,S,E,2016002002,执行专业研究计划，并引导学生拥有求知精神！,教授／副教授／助理教授,"规划及设计并适时修正课程。
讲学及主持教学计划、讨论会及实验工作。
引发学生独立思考、讨论，并督导学生实验操作。
研究及发展工业等其他领域应用之理论与作业方法。
借由实际的研究验证有关的理论或产生新的知识，进而修正或建构新的理论体系。
运用自身的专业知识与观念提供咨询服务，或自行发表言论，对有关问题提出批评与建言。",counseling,english
https://static.104.com.tw/gtnew/img/character/bigRole/2002002002.png,E,I,C,2002002002,帮人处理各种法律问题，运用沟通及分析能力帮人解决麻烦事。,律师,"研究法律理论、原理及其相关特殊法律或法院判决。
根据现存法律，草拟法令及政府法规。
协助妥托人从事法律问题分析，并在法庭担任辩护。
办理商标、专利、工商登记、土地登记及其他依法得代理之事务。",chinese,social
https://static.104.com.tw/gtnew/img/character/bigRole/2002002004.png,I,C,E,2002002004,协助顾客进行法律文书的拟定、检查，并协助执行契约、法律文件。 ,法务人员,"检验法律纪录和相关文件。
撰写有关法律、贷款及保险等情况之报告。
咨询和代理有关之法律事件。
准备有关不动产、股票等交易事项之文件及检验各种文件效力并完成公司股份登记。",chinese,social
https://static.104.com.tw/gtnew/img/character/bigRole/2003001002.png,I,C,E,2003001002,核查账目纪录，确认企业或客户的资产状况！,会计师,"办理财务报告之查核及签证。
承办所得税结算申报之查核及签证。
充任税务案件之代理人，包括所得税、遗赠税之代理申报，行政救济、司法救济及其他各种税务业务之代理。
办理关于会计之设计、管理、稽查、调查、整理、清算、鉴定、财务分析或资产评价等事项。
担任检查人、清算人、破产管理人、遗嘱执行人或其他信托人。
担任工商登记或商标注册及其他有关事件之代理人。
提供税务顾问服务及租税规划服务。
从事诸如会计、预算制度之设计、执行与资讯系统之建立等管理顾问等服务。",math,english
https://static.104.com.tw/gtnew/img/character/bigRole/2003001003.png,I,E,C,2003001003,分析金钱使用效益，把公司的钱最佳使用！,财务分析／财务人员,"搜集外部产业资料，藉以分析研究市场及同业状况。
分析各单位与转投资事业之经营绩效。
推动与执行各项专案，并督导各部门专案执行进度。
提供各种融资、投资、合并、收购等财务策略之建议及分析。
负责预算编审与控管。
负责跨部门之沟通与协调。
复核工作相关的报表与作业流程（如：一般现金收付作业、出纳科目余额表等）。
核对储存现金与记录是否相符合。
执行资金调度及银行往来业务（如：借款、短票发行、汇（利）率议价）等。
办理短期票券及基金申购作业。
执行信用状开立作业。",math,english
https://static.104.com.tw/gtnew/img/character/bigRole/2003002002.png,I,E,C,2003002002,替顾客研究金融资讯，发现未来的投资机会！,金融研究员,"负责各项金融商品的规划分析与研究（如：国内外保险、债券、股票、衍生性金融商品、另类投资、避险基金）。
进行海外市场研究。
进行产业研究。
拜访既有客户与潜在客户，以建立关系、增进沟通，以利于资料的搜集。
撰写各项研究报告。
负责投资案搜寻、风险评估，并进行相关投资作业。
针对发行债券的公司或政府进行评比。",math,english
https://static.104.com.tw/gtnew/img/character/bigRole/2003002003.png,I,E,C,2003002003,分析和交易金融产品，为顾客有效投资！,金融交易员,"受理汇款业务。
收取汇款相关费用。
输入相关资料以提供电脑中心进行汇整与后续处理。
核对入户汇款账户、户名。
解付款项至指定账户。",math,english
https://static.104.com.tw/gtnew/img/character/bigRole/2004001004.png,E,I,S,2004001004,为产品拟定行销策略、订价策略、促销计划、撰写行销方案等。,产品行销人员,"负责新产品行销企划案之撰写、规划与执行。
搜集市场情报，并拟定、分析行销策略和价格策略。
充分理解公司业务及行业特点，结合客户要求以制定个别方案。
规划与产出行销工具。
维护既有客户，开发新客户，并推展业务。
负责产品生命周期之维护。
提供客户产品技术支援。
负责现有代理经销业务之进、销、存货管理，并进行毛利控管。
协助制订业务销售策略及改进销售成绩。
支援各项业务专案之企划工作。",chinese,scout
https://static.104.com.tw/gtnew/img/character/bigRole/2004001005.png,E,I,S,2004001005,知己知彼，百战百胜！让产品成为顾客首选！,行销企划人员,"负责行销企划案的撰写、规划，筹备、执行公司对外的行销活动与媒体活动（如：展览、促销活动），并对其效益进行分析与建议。
进行产业竞争分析及市场调查分析。
建立、分析现有顾客与潜在顾客资料，并发展客户维系方案。
建立、推广、经营与管理现有品牌、产品以及公司整体的形象，并负责相关文宣资料的规划与制作。
负责媒体杂志宣传及新闻稿撰写等相关事务。
提供销售工具（如：产品型录、简介、竞争比较、效益分析等）及其他相关的业务支援，并协助商品或服务的销售。",chinese,scout
https://static.104.com.tw/gtnew/img/character/bigRole/2004001006.png,E,I,S,2004001006,设计并执行活动，以提升公司形象或推销产品！,活动企划人员,"负责各类活动的规划、安排与执行（如：年度活动、公关活动、节庆活动、通路活动、产品推广活动、公司形象活动及企业品牌活动）。
负责活动企划案的发想与撰写。
负责活动现场的统筹、监督管理与执行。
负责公司刊物及行销刊物的企划。
负责公司行销商品企划。
设计活动相关文宣。
负责公关、接待及新闻稿撰写发稿。
负责现场活动主持。
撰写结案报告。
执行定期行销活动资讯的更新与维护。",scout,social
https://static.104.com.tw/gtnew/img/character/bigRole/2014001001.png,A,I,C,2014001001,从事技术性文件（如：设备使用手册、操作与维修指导说明）的撰写与翻译工作。,技术文件／说明书编译,"编写产品技术文件（如：使用手册、说明书）。
翻译专业文件（如：财务报告、审计专业文件、专利稿件）。
负责技术文件的管理管制工作。
负责国外供应商及客户的书信及文件往返连络。
协助现场口译工作。",english,chinese
https://static.104.com.tw/gtnew/img/character/bigRole/2014001002.png,A,I,C,2014001002,将一种语言或文字的内容转写成为另一种文字之工作。,英文翻译／口译人员,"在保留原语的语法及词意的原则下，准确而流畅地将一种语言或文字翻译成另一种文字。
依据不同的题材，进行不同重点的笔译。如诗歌、戏剧及有关著作应重规情感内容与修辞的表达；科技资料、商务、法律等方面则注重表达实际内容。
从事译文之校订及修改。",english,chinese
https://static.104.com.tw/gtnew/img/character/bigRole/2014001003.png,A,I,C,2014001003,精通二种以上之语言，以所讨论主题之术语进行口头翻译之工作。,日文翻译／口译人员,"在小型会议、辩论会、公务会谈、导游或其他类似场合时，进行连续翻译。在说原语人定时停下来时，立刻译成另一种语言。
在大型国际会议中，通过耳机或扩音机进行同声翻译，口译员一面听，一面准确地运用所讨论主题的术语翻译成另一种语言。
将书面文件资料用口头译成另一种语言。",english,chinese
https://static.104.com.tw/gtnew/img/character/bigRole/2014001004.png,A,I,C,2014001004,有良好的语言组织能力以进行技术文件翻译与现场口译。,其他翻译／口译人员,"翻译公司内部技术文件。
依据客户需求，进行资料或文件翻译。
进行影音产品如音乐或影片等翻译工作。
进行工作现场即时口译。
协助国外主管现场口译与沟通协调。",english,chinese
https://static.104.com.tw/gtnew/img/character/bigRole/2003001006.png,C,I,E,2003001006,执行并纪录公司账目工作，帮助公司看守财库！,记账／出纳／一般会计,"办理银行现金存款、提款、汇款、转账作业。
执行一般现金收付作业。
核对储存现金与记录是否相符合。
管理零用金异动及拨补作业。
制作出纳科目余额表、收款日报表、利息收入调节表、银行存款收支日报表、银行往来授信明细表等。
估算L／C、长短期借款、CP等应付利息。
完成例行付款开票及电子支付作业。
收发、记录及汇整交易产生之原始凭证，并登录至会计系统制作传票。
审核有关各项费用支付之发票、单据及账务处理。
处理厂商货款或费用等应付款项账务。
处理客户应收款项账务。
处理其他一般会计账务。
申报营业税、营所税等各项税务。
总分类帐及账册记录及凭证之登载、核算及保管。
负责公司外帐之查核及登帐、结账整理及税务申报。
配合财报需要，备妥查账准备资料。
定期编制账务报表及其他财务分析资料。",math,
https://static.104.com.tw/gtnew/img/character/bigRole/2006003007.png,A,R,S,2006003007,用艺术家的心，给顾客美丽和健康的指甲！,美甲彩绘师,"提供手足保养、SPA护理。
执行美甲养护、修整。
执行指甲艺术彩绘造型。
提供水晶指甲服务。",housekeeping,art
https://static.104.com.tw/gtnew/img/character/bigRole/2013002007.png,A,E,I,2013002007,品牌识别，广告创意，平面设计，影像处理。,艺术指导 ／艺术总监,"执行艺术展览企划。
管理艺术作品及艺术家资料。
整合公司开发之艺文媒体平台内容，提供艺文广告服务及推广当代艺术文化。
熟知平面软件、网页设计、编写文案。
指导平面设计、制作案件、及CI.VI规划。",physical,art
https://static.104.com.tw/gtnew/img/character/bigRole/2016002013.png,S,A,R,2016002013,设计美学教育，让学生喜欢艺术并学习相关知识！,美术老师,"研发讨论、安排规划教学课程。
整理学生作品、教案资料档案整理搜集。
参与画室活动企划。",art,counseling
https://static.104.com.tw/gtnew/img/character/bigRole/2099001008.png,A,E,S,2099001008,以前上电视节目或当模特儿都需要很大的运气被发现，在未来只要手机轻轻一按，我们就可以开起自己各式各样的个人秀啰！,网红/实况主,-,housekeeping,music
https://static.104.com.tw/gtnew/img/character/bigRole/2099001009.png,A,E,,2099001009,先进的科技提供人类便利生活，却可能让人心温度下降！但是我们可以透过更贴近人心的设计和艺术创作，让世界上的科技与人性平衡共存！,艺术文创工作者,-,art,music
https://static.104.com.tw/gtnew/img/character/bigRole/2005002004.png,E,C,S,2005002004,站在销售的第一线，服务顾客需求！,门市／店员／专柜人员,"负责介绍及销售门市商品。
提供顾客之接待与需求服务（如：电话咨询、调货、修改、包装及退换货处理）。
负责商品进货入库、销售管理及库存管理。
负责商品包装、陈列及促销品换档工作。
维持店柜周遭之整洁。
收集、建立顾客资料档。
负责每日销售结算及报表统计作业。",social,scout
https://static.104.com.tw/gtnew/img/character/bigRole/2006003001.png,A,R,S,2006003001,提供肌肤、发妆和指甲，相关美容和保养！,美容工作者,"为客户作肌肤检测与分析，提供专业建议与保养服务。
提供手足、全身性保养按摩之抒压服务。
根据客人的整体造型，搭配适当的发型、彩妆等。
进行发型设计，包括：染、烫、修剪。
为客人作发质分析，并提供护理产品的建议。
为顾客进行指甲保养、修型、上色、人工指甲造型等服务。
提供彩妆课程教学。
负责保养品、彩妆品、造型品的销售与咨询。
发展新的造型与美容技术。",housekeeping,biology
https://static.104.com.tw/gtnew/img/character/bigRole/2006003002.png,A,R,S,2006003002,打点头皮上一切，给顾客合适美发！,美发工作者,"执行发型及造型设计。
执行修发、洗发及吹整发型等工作。
进行烫发。
进行染漂头发。
进行假发设计。
使用发型装饰品及配带设计。
执行脸部按摩、修剃及胡须修整等工作。",housekeeping,art
https://static.104.com.tw/gtnew/img/character/bigRole/2006003003.png,A,R,S,2006003003,运用美容和穿搭的技巧，让顾客焕然一新！,整体造型师,"协助客户进行服装造型、彩妆、发型整体之设计。
设计课程与编制讲义。
教导客户如何穿着服饰、配件、搭配等。
教导客户相关保养品与化妆品的各项知识与化妆技巧。
负责客服沟通。",housekeeping,art
https://static.104.com.tw/gtnew/img/character/bigRole/2013002001.png,A,E,C,2013002001,统整团队进行节目制作，做出优质好节目！,节目制作人员,"制作节目。
从事节目包装规划制作。
从事活动制作。
提供专案制作执行。
提供宣材制作与管理、制播工作协调。
从事节目编排以及频道内容规划策略。",scout,art
https://static.104.com.tw/gtnew/img/character/bigRole/2013002002.png,A,S,E,2013002002,用身体说故事，演出各种戏子人生！,演员,"研读剧本、记诵台词及动作指示，并在导演指导下表演所饰之角色。
阅读剧本，记诵台词及动作指示等作业，并在舞台剧导演指导下，以言词、表情、及动作等排演所饰之角色。
在戏剧公开演出时，依排演时之剧情演出剧中之角色。",art,counseling
https://static.104.com.tw/gtnew/img/character/bigRole/2013002003.png,A,E,S,2013002003,领导片场人员，电影和电视节目的总指挥！,导演／导播,"从事之工作略同舞台剧导演，但专于电影之拍摄，并在摄影时指导演员、摄影人员及其他技术人员之工作。
拍摄前了解节目内容与特性，并对节目企划与脚本深入研究。
联系各部门，整合拍摄工作。
必要时对脚本加以修改。
安排分镜工作、修改演员走位、道具摆设与摄影位置。
正式录影或播出时控制全局，指挥节目进行。
指导灯光、音效、布景、视讯、服装、道具、剪辑等技术性工作。
播出后检讨整个节目的进行并接受编审人员的检查和工程人员的品质管制意见。",art,counseling
https://static.104.com.tw/gtnew/img/character/bigRole/2013002008.png,E,A,C,2013002008,从事电台广播节目主持或制作之工作。,电台工作人员,"从事广告编制及播放的工作，其内容包括广告Key单处理、行政内情庶务等。
从事节目主持人的工作，其内容包括电台节目主持及制作、撰写新闻稿等工作。
从事值班助理的工作，其内容包括处理行政执行事宜，协助节目行政工作，以及节目文稿的撰写、节目影片的剪接和控机。",chinese,music
https://static.104.com.tw/gtnew/img/character/bigRole/2013002009.png,A,E,C,2013002009,透过广播及电视报告新闻及其他报导，或为节目中的角色提供声音的配置。,播音／配音人员,"宣读新闻稿，并作特殊报导。
在所负责节目中播报广告。
为动画角色（包括故事片、电视连续剧、动画短片）、译制外语片、录像游戏、外语连续剧配音。
为电台与电视或商店的商业广告、玩偶表演、游戏设施的旁白。
当同语言的戏剧中，演员演出的声音表情不足时，重新录制该演员声音部分。",chinese,scout
https://static.104.com.tw/gtnew/img/character/bigRole/2013002014.png,C,S,R,2013002014,所有事情都要会，协助整个节目的录制及制作！,节目助理,"帮助制作人在行政方面的工作。
协助节目的前制、录影到后制阶段。
和执行制作合作一起分担节目执行层面的所有事物。
担任节目场景、商品陈设、镜面美化及现场执行等工作。",scout,english
https://static.104.com.tw/gtnew/img/character/bigRole/2013002017.png,E,A,S,2013002017,在活动和节目上穿针引线，让进度顺利进行！,主持人,"参与节目、活动之事前规划与演练。
对于所宣传的活动与产品深入了解，以有效掌握行销契机。
炒热现场活动气氛，聚集观众、吸引注意力。",scout,chinese
https://static.104.com.tw/gtnew/img/character/bigRole/2016002007.png,S,R,E,2016002007,让幼儿在安全的环境，学习各种生活知识！,幼教班老师,"协助幼儿学习自理生活。
提供幼儿日常生活（如：饮食、大小便等）的照顾。
维护幼儿在园所之安全。
配合幼教班与家长的需要，教授幼儿特殊课程，如：美语、绘画、注音符号正音等。
配合幼儿发展状况，设计、撰写课程教案。
与家长沟通孩子学习状况，保持良好互动。
负责学校内环境美化与布置。
规划与举办亲子活动。",counseling,scout
https://static.104.com.tw/gtnew/img/character/bigRole/2016002008.png,S,R,E,2016002008,安排学习课程，让学生有段充实的课后时间！,安亲班老师,"协助孩童完成当天功课，并注意写字的工整。
指导国小学生课业，如：帮孩童复习国语、数学、自然等。
辅导学生行为，校正不良生活习惯、卫生习惯，如：东西用毕需归位、有礼貌的沟通、保持座位附近的清洁等。
调解孩童间的争吵，并协助孩童建立良好的人际关系。
倾听孩子的心声并给予关怀鼓励。
记录孩童在安亲班之行为及学习表现，与家长讨论，保持与家长间之良好沟通与互动。
在孩童完成作业之后，为他们安排适当的活动。
协助安亲班招生事宜，如：带领家长参观上课过程、学校环境。
若安亲的对象为小学低年级学童，有时必须去学校负责接送。
有时需准备孩童餐点。",counseling,scout
https://static.104.com.tw/gtnew/img/character/bigRole/2016002020.png,S,E,C,2016002020,陪伴幼儿学习各种知识，培育未来世界的幼苗！,教保员,"设计及安排说话、唱游、舞蹈、绘画及手工等学习活动，以促进幼童身心的成长。
教导幼童良好的基本生活习惯，并保护其安全。
鼓舞幼童自我表现及参与团体生活，以促进其社会行为之正常发展。
安排户外学习活动，增进幼童对大自然及社会环境的认识，引发其对周遭事物的关注与兴趣。
举办亲子教学活动，或作家庭访问，与父母共同讨论幼童的行为表现与学习情形。",counseling,scout
https://static.104.com.tw/gtnew/img/character/bigRole/2013002005.png,A,E,S,2013002005,练习、作曲和演奏，用好音乐感动人心！,音乐家／作曲／歌唱及演奏家,"孕育及写作乐谱。
选配或改编原谱，以适应特定乐器、管弦乐队或其他音乐团体。
指挥乐器或声乐团。
担任独奏或乐器团一员，演奏乐器。
担任独唱或合唱团一员。",music,chinese
https://static.104.com.tw/gtnew/img/character/bigRole/2016002014.png,S,A,R,2016002014,教授音乐课程，让学生欣赏音乐和学习音乐知识！,音乐老师,"担任音乐教学工作。
参与教学研讨及练习合奏，以增进音乐与教学能力。
参加排定之研修会、讲座或其它相关教学及教室活动。",music,counseling
https://static.104.com.tw/gtnew/img/character/bigRole/2004001009.png,A,E,I,2004001009,发想和执行创意，用好点子让产品广为人知！,广告文案／企划,"依据产品行销部门对各产品及专案之规划，策划及执行适当之广告及媒体行销方案。
设计沟通各项行销助成物、广宣物，例如文字创作发想及撰写。
确认产物是否符合活动目标及印刷请购事宜，并送交文案总监审核。
呈现文案，包括以手绘、口语、液晶显示等方式。",chinese,counseling
https://static.104.com.tw/gtnew/img/character/bigRole/2004002004.png,E,A,I,2004002004,把文学和艺术集结成册，让更多人看见！,发行企划／出版人员,"产生题材。
寻找作者或是拥有版权之版权代理商，并洽谈版权的事宜。
寻找外文书译者，并监督翻译进度。
执行编辑工作，包括书稿内文的修改及文字润饰等。
估算可能的成本，进行订价。
构思书本命名及封面设计。
接触通路的部门进行规划及接洽经销商和其他通路。
进行宣传活动之规划及执行。
派遗专人将完稿送至印刷厂排版印刷成书。
将书籍铺货上市。",chinese,scout
https://static.104.com.tw/gtnew/img/character/bigRole/2014001005.png,A,C,S,2014001005,运用创意表达出准确，并吸引人的文字内容！,文编／校对／文字工作者,"将打样与原稿核对，用标准符号在打样上标出错误之处。
将校样退回更正。
重复校对无误后付印。",chinese,english
https://static.104.com.tw/gtnew/img/character/bigRole/2016002011.png,S,E,I,2016002011,从事提升学员语言能力以及复习学校课程之教学补习工作。,语文补习班老师,"负责教学活动规划与执行。
订定教学目标、课程范围、授课内容。
准备课程教材、课程资料以及课后作业等。
依据教学目标授课，并评估学生学习状况以调整授课进度。
批改作业及测验辅导。
与家长联络，讨论孩子学习状况。
处理教务相关工作。",english,counseling
https://static.104.com.tw/gtnew/img/character/bigRole/2004001008.png,E,S,I,2004001008,借用媒体力量，把产品特色让最多人知道！,媒体公关／宣传采买,"掌握媒体市场资讯、市场供需及特性。
依据媒体企画案所拟定之预算，以决定有效购买的媒体种类、时段、版面、篇幅等等。
代理委托机构进行媒体集中购买与谈判交涉。
撰写新闻稿，发布新闻讯息。
连系媒体记者采访及媒体接待事宜。
规划媒体活动和记者会相关工作。
协助客户诉愿及危机事件处理。
维护媒体关系。",chinese,scout
https://static.104.com.tw/gtnew/img/character/bigRole/2005003006.png,E,S,R,2005003006,经手承揽报刊、杂志、车厢、广告牌等之广告栏，及广播、电视节目间之广告插播等工作。,广告AE业务人员,"访问预期客户，说明本身或其他媒体之优点及报导范围。
依据客户需要及经费多寡商定能获最佳效果之广告媒体。
出示广告样品设计、提供插图、画面或文字，并依客户需求制作广告。
订定契约，收取账款。
代收广告费并转交予广告媒体。",social,scout
https://static.104.com.tw/gtnew/img/character/bigRole/2014002001.png,A,E,I,2014002001,采访、追踪和报导，让民众一手掌握最新资讯！,记者／采编,"前往新闻或意外事件现场以及重要公共集会场所进行采访。
观察、访问或调查、搜集有关事件之所有消息，并注意发掘具有新闻价值及能引发读者兴趣之新闻。
撰写报导，并提交报社编辑部或新闻部处理后发表。
运用清晰优美之声音、敏锐之观察力、严密之分析性思想及明晰之表达能力。
搜集与本身所在地有关或有所研究之题材与消息。",chinese,
https://static.104.com.tw/gtnew/img/character/bigRole/2016002018.png,S,E,A,2016002018,替弱势者引介资源，支持社会中需要帮助的人！,社工人员,"协助个人、家庭、学校、社会解决社会问题及发展救助服务。
组织与监督青年会、社区中心等组织所办社会、康乐、教育活动。
防止青少年犯罪及犯罪之社会与道德重建，编辑个案纪录或报告给法庭和其他法律程序。
辅导精神缺陷者接受治疗及解决其私人及社会问题。
防止儿童问题之产生。
协助体能及心智缺陷者获得充分治疗，并改善其能力以适应社会。
规划及组织家庭辅导服务。
辅导、咨询工厂及一般劳工。",counseling,social
https://static.104.com.tw/gtnew/img/character/bigRole/2005002001.png,E,S,C,2005002001,卖场大小事都要知道，带领大家持续成长！,店长／卖场管理人员,"负责卖场门市营运管理。
负责卖场与客户关系的建立与维系。
制订商品的价格策略。
执行进销货分析。
规划、协调广告活动和促销宣传。
控管活动执行品质。
负责员工的招募、训练、稽核与管理与调度。
负责员工绩效及升迁评核。",scout,counseling
https://static.104.com.tw/gtnew/img/character/bigRole/2013002004.png,A,E,S,2013002004,在会场进行展示，表现产品特色提升销售！,模特儿,"穿着时新款式或顾客要求款式之样装。
在服装设计师、采购人，或顾客面前，以走步、转身、及其他姿态尽可能示范，并展示样装之款式及其特色。",housekeeping,music
https://static.104.com.tw/gtnew/img/character/bigRole/2016002006.png,S,E,C,2016002006,帮助特殊教育需求学生，建立谋生技能并找到未来！,特殊教育教师,"教导特殊障碍学生学习各种课程。
辅导特殊障碍学生身心的正常发展。",counseling,scout
https://static.104.com.tw/gtnew/img/character/bigRole/2005003009.png,E,S,R,2005003009,接待及提供建议，帮顾客找到理想的房子！,不动产经纪人,"开发房屋及土地市场。
针对客源进行电话行销与客户经营开发销售。
提供不动产买卖中介服务。
提供不动产租赁中介服务。
负责不动产之代销代标业务。
负责带看、解说及签定租赁或买卖契约。
提供不动产买卖咨询服务（如：房屋价格评估、不动产法律及税务咨询）。
代办各项低利房贷。
提供客户售后服务。",social,scout
https://static.104.com.tw/gtnew/img/character/bigRole/2002001005.png,C,E,S,2002001005,在公民营企业机构内，从事协助高阶主管处理资讯及文书类的工作（如：企业内外的联系、接待外宾、安排会议），或是训练、监督低阶行政类职员的工作。,秘书,"负责主管工作行程之规划安排，并随行陪同。
整理签核文件及发送，并负责追踪执行状况，随时掌控进度。
负责会议安排与通知，制作会议记录并追踪处理决议事项。
负责行政事务流程之沟通、整合及规划。
协助专案推动与时程控管。
负责报表汇整与呈报。
处理各项跨部门、事业体之行政事务及文案管理。
负责对外及各部门之沟通联系事宜。
负责文件追踪、资料汇整与档案管理。
接待重要外宾。
翻译文件。
处理婚丧喜庆相关事宜（如：订花篮、准备奠仪）。",chinese,english
https://static.104.com.tw/gtnew/img/character/bigRole/2002001010.png,C,S,E,2002001010,从事电话接听、柜台接待、问题咨询、客户联络及公司业务洽询等工作。,柜台接待人员,"接待访客，确定其拜访性质及目的，并引领其至特定地点。
接听、过滤、转接来电，并提供资讯（如：服务据点、公司员工及服务内容）及留言服务。
协助递送公文及收发信件。
倾听并处理客户及一般民众的抱怨。
负责文件表单的归档及保存。
排定、维护及更新分机表。
处理例行性的工作（如：会议室清洁检查、照顾盆栽、整理杂志、维持大厅整洁、代订便当）。
完成行政支援工作（如：接待面试人员、校对、誊写、处理付款记录及进销货发票等文件）。",chinese,english
https://static.104.com.tw/gtnew/img/character/bigRole/2005001005.png,S,R,C,2005001005,第一线关心顾客感受，协助顾客完成目标！,其他客户服务人员,"协助顾客完成公司提供之服务，包括内、外勤。
提供相关事项的咨询服务。
提供产品售后服务。
传达公司、经销商讯息。
维护客户关系，从事如客户电话关心、客户拜访等工作。",social,scout
https://static.104.com.tw/gtnew/img/character/bigRole/2016002004.png,S,I,E,2016002004,提供国中生充分的资源，协助他们成长和学习知识！,中等学校教师,"拟订教学计划。
选择、准备及组织教材。
设计、制作及使用各种教学媒体。
规划学习环境及引导班级气氛。
运用适当教学策略与方法，指导学生学习。
进行教学评鉴并实施增广或补救教学。",counseling,scout
https://static.104.com.tw/gtnew/img/character/bigRole/2016002005.png,S,I,E,2016002005,打造友善的环境，让小学生学习知识和建立品德！,国小学校教师,"拟订小学国语、算术、自然、社会、健康教育、生活与伦理、音乐、美术、劳作及体育等科之教学计划。
设计各科之教学活动，并准备所需之教材、教具及其他教学资源。
引导班级气氛，并运用各种活泼及富创意之教学方法，指导儿童学习。
协助及辅导儿童学会管理自己及参与团体活动的基本行为规范。
记录儿童出缺席情形、学习进度，并批改学生的作业或习题。
填写家庭联络簿、举办母姊会或亲子座谈会，与家长共同讨论儿童生活与学习情形。",counseling,scout
https://static.104.com.tw/gtnew/img/character/bigRole/2002001009.png,C,S,E,2002001009,负责转接外来电话、问题咨询、处理电话留言，以及一般庶务行政工作。,总机人员,"接听、过滤、转接来电，并提供资讯（如：服务据点、公司员工及服务内容）及留言服务。
负责访客接待及通知。
完成行政支援工作（如：接待面试人员、校对、誊写、处理付款记录及进销货发票等文件）。
协助递送公文及收发信件。
负责庶务杂项采购及事务机器叫修。
处理例行性的工作（如：会议室清洁检查、照顾盆栽、整理杂志、维持大厅整洁、代订便当）。",chinese,english
https://static.104.com.tw/gtnew/img/character/bigRole/2005003004.png,E,S,R,2005003004,针对企业、团体或个人，从事商品或服务之国内销售、业务推广、产品行销、客户维系、客户开发等工作。,国内业务人员,"开发潜在客户，拓展市场，以达成业绩目标。
定期拜访经销客户，维系稳定客户关系。
负责国内业务接洽及订单处理。
负责产品报价及产品展示，并处理账款回收相关事宜。
负责业务推展，传达及说明公司各项业务重大讯息、活动及产品。
进行商品行销，产品特色分析介绍，并提供产品购买的建议。
提供售后服务，处理客户端之问题，给予完善的处理。
察觉客户交易之异常状况，并负责客诉问题之处理。",social,scout
https://static.104.com.tw/gtnew/img/character/bigRole/2005003005.png,E,S,R,2005003005,针对企业、团体，从事商品或服务之国外销售、业务推广、国外订单处理、国外市场开发及客户拜访、展览筹划等工作。,国外业务人员,"定期报告销售进度及市场占有率。
掌握产品设计时程及产量状况。
规划国际商展，参与企划，协调行销活动（如：展览、广告、会议）。
针对客户提出的合约（交易条件、生产流程、产品要求、售后服务）作初步评估，并在必要时寻求其他部门协助，以即时回应客户需求。
提供报价确认订单，以准时出货。
提供完善的客制品需求服务（如：包装），达成客户需求，定期清查呆滞料问题，以避免囤积无用废材，减低库存压力。
提供客户新产品及市场资讯，及早送样取得认可，并定期检视借料状况，以免造成挂帐问题。
反应及搜集市场讯息，配合客户规划行销活动，或是以销售竞赛、佣金或折扣的方式鼓励客户进行销售，以提升品牌市占率。
定期检视每个客户的下单及业绩状况，制作周报表，报告最新状况。
协助客户业绩成长，维持通路价格秩序，订定客户业绩目标，增加市场占有率。
提醒客户应收账款情形，定期检视客户现行付款期限是否合理，并随时回报客户账款异常情况，以保障公司权益。
即时反应客户抱怨及协助客户解决产品、出货流程、退货重工等相关的问题，并提出解决之道，以提高客户满意度。
跟催维修品以提供良好的售后服务。
充当客户与各部门间的桥梁，以达成沟通协调目的。",social,scout
https://static.104.com.tw/gtnew/img/character/bigRole/2005003007.png,E,C,S,2005003007,透过电话说服他人购买商品或服务。,电话行销人员,"负责电话开发、约访新客户。
透过电话或邮件方式，持续追踪、经营并维护既有的客户。
建立、记录并维护顾客资料（如：联系记录、顾客反应、账务及订购记录）。
提供来电客户咨询服务、产品解说，并适时进行产品推广及行销。
提供专业的顾客售后服务。
推动、执行各项专案或服务活动。",social,scout
https://static.104.com.tw/gtnew/img/character/bigRole/2018002003.png,S,C,E,2018002003,规划告别仪式，帮助亲友们跟往生者好好道别。,生命礼仪师,"接体包括从临终前的关怀到死亡后。
安排丧礼包括参与丧事人员的决定，入殓、出殡时间的选定，讣文的设计印制，灵、礼堂的布置。
协商丧礼相关事宜，包括与丧家讨论仪式的选择，葬法的决定，埋葬地点的选定，价格的估算与收取，社会资源的寻求等。
提供作七、作旬、作百日、作对年、作三年的服务。
提供家属的悲伤辅导。",counseling,social
https://static.104.com.tw/gtnew/img/character/bigRole/2003002005.png,E,C,I,2003002005,协助顾客完成金融商品买卖，帮助获利！,金融营业员,"负责证券、期货、选择权之开发及接单。
协销各项金融商品（如：基金、保险及结构型商品）。
协助客户进行投资理财规划。
提供投资理财商品的咨询服务。
负责法人及VIP客户的综合资产管理。",social,math
https://static.104.com.tw/gtnew/img/character/bigRole/2003002006.png,E,S,I,2003002006,分析顾客金融需求，给予财务管理建议！,金融理财专员,"提供有关证券、债券、市场条件、投资前途及财务状况等拟投资之资料。
分析证券、债券、外汇及其他财务市场之趋势。
提供契约条款、股票及债券贷款之咨询及磋商，以便为客户筹措资金。
记录及传送证券、股票、公债、外汇等买卖订单。
开发客户。
维护客户关系。
执行客户指定之交易事项。",math,scout
https://static.104.com.tw/gtnew/img/character/bigRole/2003002007.png,C,I,E,2003002007,临柜第一线，协助顾客完成基础金融业务！,银行办事员,"负责活期存款存提款及转账业务。
办理各项挂失止付业务。
办理客户定存设定、定存质借、质权设定等业务。
负责全分行的资金调度及现金收付业务。
负责国内汇兑业务。
负责收支票，前往票交所处理相关业务。
负责提回票据的审核，并通知客户补足款项。
负责支票存款开户、结清、退票、支票挂失、撤销付款委托等业务。
买卖外币现钞、旅行支票、汇票，并负责国外汇出、汇入款业务。
依据客户需求，推广信用卡、存款、贷款及投资理财等各种金融产品及服务，并将有兴趣之客户转介负责相关业务之专员协助办理。
负责表单文件归档工作。
负责自行查核工作。",social,math
https://static.104.com.tw/gtnew/img/character/bigRole/2003002014.png,S,E,C,2003002014,处理保险赔偿事宜，让顾客获得应有保障！,理赔人员,"执行理赔案件之电脑受理。
审查保险契约内容。
协助客户进行现场处理、和解。
调查保险事故。
协调、照会相关部门。
执行理赔核定。
进行理赔事宜之沟通协调。
进行保险事故、医事调查。
完成调查报告。
执行客户关怀、咨询服务。
处理申诉案件。",counseling,math
https://static.104.com.tw/gtnew/img/character/bigRole/2005001004.png,S,E,C,2005001004,透过电话、信件解决顾客问题，提升顾客满意度。,电话客服类人员,"确保客服功能正常运作并持续改善提升。
接听电话客服专线。
处理客诉案件。
帮助顾客解决问题。
提供产品相关资讯及申办资料流程协助。
提供产品后续服务。
记录顾客来电内容。
反应顾客需求至相关部门。
透过与顾客互动过程中发现公司运作盲点与问题，积极提出改善建议。
掌握环境变化与公司发展需求，主动丰富化客服功能的内涵。",social,counseling
https://static.104.com.tw/gtnew/img/character/bigRole/2005004002.png,C,E,R,2005004002,协助客户准备报关文件、执行报关程序、处理进出口押汇、连络交期与船期等工作。,船务／押汇／报关人员,"负责进出口报关之行政作业，并汇整制作报关文件。
处理、审核进出口报关之资料与文件。
联络工厂、船公司和报关行，进行交期确认、排船、签S＼O、文件检查等联络事项。
处理进出口押汇、信用状以及保税账务相关之工作。
负责应付账款之请款工作，并处理业务部门订单后续事宜。",scout,
https://static.104.com.tw/gtnew/img/character/bigRole/2003002010.png,E,C,S,2003002010,透过专业分析，替顾客的人生分散风险！,保险业务／经纪人,"针对企业或个人可能面临的风险，设计、解说及销售各种不同类型的保险（如：汽机车险、产险、寿险、储蓄险、医疗险、意外险、投资型保险）。
提供客户理财规划服务（如：节税规划、资产管理、退休规划）。
协助客户办理保险理赔、契约变更、地址契约等业务。
协助客户办理贷款相关业务（如：房屋贷款、保单贷款）。
提供各项社会保险咨询服务。
提供理财资讯之咨询服务。
定期拜访、维护旧客户。
配合公司专案的推动与执行。",counseling,math
https://static.104.com.tw/gtnew/img/character/bigRole/2018002005.png,C,E,S,2018002005,协助公家机关运作，引导民众使用国家服务！,公家机关相关人员,"依照法律命令所定，执行其职务。
服从长官就其监督范围以内所发布之命令。",social,chinese
https://static.104.com.tw/gtnew/img/character/bigRole/2003001010.png,C,E,R,2003001010,协助处理财务作业、会计作业与部门行政事务等相关业务。,财务会计助理,"收发、记录及汇整交易产生之原始凭证，并登录至会计系统制作传票。
审核有关各项费用支付之发票、单据及账务处理。
处理厂商货款或费用等应付款项账务。
处理客户应收款项账务。
处理其他一般会计账务。
申报营业税、营所税等各项税务。
负责总分类帐及账册记录及凭证之登载、核算及保管。
协助办理公司工商登记事宜。
协助办理银行现金存、提款、汇款转账。
协助执行一般现金收付作业。
核对储存现金与记录是否相符合。
协助管理零用金异动及拨补作业。
协助制作出纳科目余额表、收款日报表、利息收入调节表、银行存款收支日报表、银行往来授信明细表等。
协助估算L/C、长短期借款、CP等应付利息估算。
协助完成例行付款开票及电子支付作业。
协助简易出纳会计事务及银行往来。",math,
https://static.104.com.tw/gtnew/img/character/bigRole/2005004001.png,E,C,S,2005004001,协助货品进出口，让台湾与世界经济接轨！,国贸人员,"确认产品规格。
负责向厂商访价。
负责向客户报价并确认订单。
安排生产出货，处理出货报关文件作业。
决定货物装运之方法，并准备提货单、发货单及其他相关文件。
追踪交期及出货状况。
负责客户与厂商之间的往来沟通。
负责客户资料、厂商资料及相关档案文件的整理、建档与维护。
处理顾客及厂商的客诉。",english,math
https://static.104.com.tw/gtnew/img/character/bigRole/2005004003.png,C,E,R,2005004003,负责与海关接触、控管保税帐、控管保税货物。,保税人员,"监控内部帐。
监控库房在期限内收货物、入账。
规划盘点作业。
登录货物于保税系统中。
核对公司出口帐与保税系统帐。
控管保税货物。
执行出口报单登录。
控管保税卡车封条。
控管放行单。
处理报废工作。",scout,
